ID,Major group,Family,Genus hybrid marker,Genus,Species hybrid marker,Species,Infraspecific rank,Infraspecific epithet,Authorship,Taxonomic status in TPL,Nomenclatural status from original data source,Confidence level,Source,Source id,IPNI id,Publication,Collation,Page,Date
kew-2666183,A,Burseraceae,,Aucoumea,,"klaineana",,"","Pierre",Accepted,,M,WCSP (in review),789817,126950-1,"Bull. Mens. Soc. Linn. Paris","1: 1241","","1896"
kew-2672716,A,Burseraceae,,Beiselia,,"mexicana",,"","Forman",Accepted,,M,WCSP (in review),796208,273194-2,"Kew Bull.","42: 262","","1987"
kew-2680542,A,Burseraceae,,Boswellia,,"ameero",,"","Balf.f.",Accepted,,M,WCSP (in review),803911,127033-1,"Proc. Roy. Soc. Edinburgh","11: 505","","1882"
kew-2680546,A,Burseraceae,,Boswellia,,"boranensis",,"","Engl.",Accepted,,M,WCSP (in review),803915,127036-1,"Bot. Jahrb. Syst.","34: 316","","1904"
kew-2680547,A,Burseraceae,,Boswellia,,"bricchettii",,"","(Chiov.) Chiov.",Accepted,,M,WCSP (in review),803916,127048-1,"Bull. Misc. Inform. Kew","1941: 132","","1941"
kew-2680548,A,Burseraceae,,Boswellia,,"bullata",,"","Thulin",Accepted,,M,WCSP (in review),803917,20003266-1,"Kew Bull.","56: 983","","2001"
kew-2680552,A,Burseraceae,,Boswellia,,"chariensis",,"","Guillaumin",Accepted,,M,WCSP (in review),803921,127039-1,"Bull. Soc. Bot. France","55(8): 33","","1908"
kew-2680553,A,Burseraceae,,Boswellia,,"dalzielii",,"","Hutch.",Accepted,,M,WCSP (in review),803922,127040-1,"Bull. Misc. Inform. Kew","1910: 137","","1910"
kew-2680554,A,Burseraceae,,Boswellia,,"dioscoridis",,"","Thulin",Accepted,,M,WCSP (in review),803923,20003267-1,"Kew Bull.","56: 984","","2001"
kew-2680555,A,Burseraceae,,Boswellia,,"elegans",,"","Engl.",Accepted,,M,WCSP (in review),803924,127041-1,"Bot. Jahrb. Syst.","34: 314","","1904"
kew-2680556,A,Burseraceae,,Boswellia,,"elongata",,"","Balf.f.",Accepted,,M,WCSP (in review),803925,127042-1,"Proc. Roy. Soc. Edinburgh","11: 505","","1882"
kew-2680557,A,Burseraceae,,Boswellia,,"frereana",,"","Birdw.",Accepted,,M,WCSP (in review),803926,127043-1,"Trans. Linn. Soc. London","27: 146","","1870"
kew-2603841,A,Burseraceae,,Boswellia,,"globosa",,"","Thulin",Accepted,,M,WCSP (in review),728524,77076724-1,"Nordic J. Bot.","24: 373","","2006 publ. 2007"
kew-2680559,A,Burseraceae,,Boswellia,,"hildebrandtii",,"","Engl.",Accepted,,M,WCSP (in review),803928,127045-1,"Bot. Jahrb. Syst.","15: 98","","1893"
kew-2680561,A,Burseraceae,,Boswellia,,"holstii",,"","Engl.",Accepted,,M,WCSP (in review),803930,127047-1,"Veg. Erde","9(III 1): 786","","1915"
kew-2680564,A,Burseraceae,,Boswellia,,"madagascariensis",,"","Capuron",Accepted,,M,WCSP (in review),803933,127051-1,"Adansonia","n.s., 2: 268","","1962"
kew-2680565,A,Burseraceae,,Boswellia,,"microphylla",,"","Chiov.",Accepted,,M,WCSP (in review),803934,127052-1,"Ann. Bot. (Rome)","13: 404","","1915"
kew-2680566,A,Burseraceae,,Boswellia,,"multifoliolata",,"","Engl.",Accepted,,M,WCSP (in review),803935,127054-1,"Ann. Bot. (Rome)","7: 16","","1907"
kew-2680567,A,Burseraceae,,Boswellia,,"nana",,"","Hepper",Accepted,,M,WCSP (in review),803936,127055-1,"Hooker's Icon. Pl.","37: t. 3676","","1971"
kew-2680568,A,Burseraceae,,Boswellia,,"neglecta",,"","S.Moore",Accepted,,M,WCSP (in review),803937,127056-1,"J. Bot.","15: 67","","1877"
kew-2680570,A,Burseraceae,,Boswellia,,"occidentalis",,"","Engl.",Accepted,,M,WCSP (in review),803939,127057-1,"Bot. Jahrb. Syst.","46: 292","","1911"
kew-2680571,A,Burseraceae,,Boswellia,,"odorata",,"","Hutch.",Accepted,,M,WCSP (in review),803940,127058-1,"Bull. Misc. Inform. Kew","1910: 138","","1910"
kew-2680572,A,Burseraceae,,Boswellia,,"ogadensis",,"","Vollesen",Accepted,,M,WCSP (in review),803941,905757-1,"Kew Bull.","40: 39","","1985"
kew-2680573,A,Burseraceae,,Boswellia,,"ovalifoliolata",,"","N.P.Balakr. & A.N.Henry",Accepted,,M,WCSP (in review),803942,127059-1,"J. Bombay Nat. Hist. Soc.","58: 546","","1961"
kew-2680574,A,Burseraceae,,Boswellia,,"papyrifera",,"","(Del.) Hochst.",Accepted,,M,WCSP (in review),803943,127060-1,"Flora","26: 81","","1843"
kew-2680575,A,Burseraceae,,Boswellia,,"pirottae",,"","Chiov.",Accepted,,M,WCSP (in review),803944,127061-1,"Ann. Bot. (Rome)","9: 53","","1911"
kew-2680576,A,Burseraceae,,Boswellia,,"popoviana",,"","Hepper",Accepted,,M,WCSP (in review),803945,127062-1,"Hooker's Icon. Pl.","37: t. 3677","","1971"
kew-2680577,A,Burseraceae,,Boswellia,,"rivae",,"","Engl.",Accepted,,M,WCSP (in review),803946,127063-1,"Ann. Bot. (Rome)","7: 16","","1907"
kew-2680578,A,Burseraceae,,Boswellia,,"ruspoliana",,"","Engl.",Accepted,,M,WCSP (in review),803947,127064-1,"Nat. Pflanzenfam. ed. 2","19a: 423","","1931"
kew-2680579,A,Burseraceae,,Boswellia,,"sacra",,"","Flueck.",Accepted,,M,WCSP (in review),803948,127065-1,"Lehrb. Pharmak.","31","","1867"
kew-2680580,A,Burseraceae,,Boswellia,,"serrata",,"","Roxb. ex Colebr.",Accepted,,M,WCSP (in review),803949,,"Asiat. Res.","9: 379","","1807"
kew-2680581,A,Burseraceae,,Boswellia,,"socotrana",,"","Balf.f.",Accepted,,M,WCSP (in review),803950,127068-1,"Proc. Roy. Soc. Edinburgh","11: 505","","1882"
kew-2687465,A,Burseraceae,,Bursera,,"altijuga",,"","Rzed., Calderón & Medina",Accepted,,M,WCSP (in review),810789,60431776-2,"Acta Bot. Mex.","66: 38","","2004"
kew-2687467,A,Burseraceae,,Bursera,,"amplifolia",,"","Rusby",Accepted,,M,WCSP (in review),810791,38544-2,"Bull. New York Bot. Gard.","4: 338","","1907"
kew-2687469,A,Burseraceae,,Bursera,,"angustata",,"","Griseb.",Accepted,,M,WCSP (in review),810793,273569-2,"Cat. Pl. Cub.","65","","1866"
kew-2687470,A,Burseraceae,,Bursera,,"aptera",,"","Ramírez",Accepted,,M,WCSP (in review),810794,127081-1,"Mat. Med. Mex.","1: 379","","1894"
kew-2687474,A,Burseraceae,,Bursera,,"arida",,"","(Rose) Standl.",Accepted,,M,WCSP (in review),810798,38549-2,"Publ. Field Mus. Nat. Hist., Bot. Ser.","4: 217","","1929"
kew-2687475,A,Burseraceae,,Bursera,,"ariensis",,"","(Kunth) McVaugh & Rzed.",Accepted,,M,WCSP (in review),810799,38550-2,"Kew Bull.","18: 375","","1965"
kew-2687476,A,Burseraceae,,Bursera,,"aromatica",,"","Proctor",Accepted,,M,WCSP (in review),810800,38551-2,"Bull. Inst. Jamaica, Sci. Ser.","16: 16","","1967"
kew-2687477,A,Burseraceae,,Bursera,,"aspleniifolia",,"","Brandegee",Accepted,,M,WCSP (in review),810801,38552-2,"Univ. Calif. Publ. Bot.","3: 382","","1909"
kew-2687478,A,Burseraceae,,Bursera,,"attenuata",,"","(Rose) L.Riley",Accepted,,M,WCSP (in review),810802,38553-2,"Bull. Misc. Inform. Kew","1923: 167","","1923"
kew-2687483,A,Burseraceae,,Bursera,,"bicolor",,"","(Willd. ex Schltdl.) Engl.",Accepted,,M,WCSP (in review),810807,127093-1,"Monogr. Phan.","4: 53","","1883"
kew-2687484,A,Burseraceae,,Bursera,,"biflora",,"","(Rose) Standl.",Accepted,,M,WCSP (in review),810808,38554-2,"Publ. Field Mus. Nat. Hist., Bot. Ser.","4: 217","","1929"
kew-2687485,A,Burseraceae,,Bursera,,"bipinnata",,"","(Moç. & Sessé ex DC.) Engl.",Accepted,,M,WCSP (in review),810809,127095-1,"Monogr. Phan.","4: 49","","1883"
kew-2687487,A,Burseraceae,,Bursera,,"bolivarii",,"","Rzed.",Accepted,,M,WCSP (in review),810811,127096-1,"An. Esc. Nac. Ci. Biol.","17: 22","","1970"
kew-2687489,A,Burseraceae,,Bursera,,"bonetii",,"","Rzed.",Accepted,,M,WCSP (in review),810813,38558-2,"An. Esc. Nac. Ci. Biol.","17: 29","","1970"
kew-2687491,A,Burseraceae,,Bursera,,"brunea",,"","(Urb.) Urb. & Ekman",Accepted,,L,WCSP (in review),810815,38560-2,"Ark. Bot.","22A(8): 59","","1929"
kew-2687494,A,Burseraceae,,Bursera,,"cerasiifolia",,"","Brandegee",Accepted,,M,WCSP (in review),810818,38562-2,"Proc. Calif. Acad. Sci.","II, 3: 121","","1891"
kew-2687495,A,Burseraceae,,Bursera,,"chemapodicta",,"","Rzed. & E.Ortíz",Accepted,,M,WCSP (in review),810819,38563-2,"Bol. Soc. Bot. México","43: 77","","1982"
kew-2687496,A,Burseraceae,,Bursera,,"cinerea",,"","Engl.",Accepted,,M,WCSP (in review),810820,127104-1,"Monogr. Phan.","4: 43","","1883"
kew-2687497,A,Burseraceae,,Bursera,,"citronella",,"","McVaugh & Rzed.",Accepted,,M,WCSP (in review),810821,38565-2,"Kew Bull.","18: 337","","1965"
kew-2687498,A,Burseraceae,,Bursera,,"collina",,"","Brandegee",Accepted,,M,WCSP (in review),810822,38566-2,"Zoe","5: 204","","1905"
kew-2687500,A,Burseraceae,,Bursera,,"confusa",,"","(Rose) Engl.",Accepted,,M,WCSP (in review),810824,38568-2,"Nat. Pflanzenfam. ed. 2","19a: 426","","1931"
kew-2687501,A,Burseraceae,,Bursera,,"copallifera",,"","(Sessé & Moç. ex DC.) Bullock",Accepted,,M,WCSP (in review),810825,38569-2,"Bull. Misc. Inform. Kew","1936: 357","","1936"
kew-2687503,A,Burseraceae,,Bursera,,"coyucensis",,"","Bullock",Accepted,,M,WCSP (in review),810827,38571-2,"Bull. Misc. Inform. Kew","1936: 358","","1936"
kew-2687504,A,Burseraceae,,Bursera,,"crenata",,"","Paul G.Wilson",Accepted,,M,WCSP (in review),810828,38572-2,"Kew Bull.","13: 156","","1958"
kew-2687505,A,Burseraceae,,Bursera,,"cuneata",,"","(Schltdl.) Engl.",Accepted,,M,WCSP (in review),810829,127113-1,"Monogr. Phan.","4: 56","","1883"
kew-2687508,A,Burseraceae,,Bursera,,"denticulata",,"","McVaugh & Rzed.",Accepted,,M,WCSP (in review),810832,38574-2,"Kew Bull.","18: 365","","1965"
kew-2687509,A,Burseraceae,,Bursera,,"discolor",,"","Rzed.",Accepted,,M,WCSP (in review),810833,38575-2,"An. Esc. Nac. Ci. Biol.","17: 24","","1970"
kew-2687510,A,Burseraceae,,Bursera,,"diversifolia",,"","Rose",Accepted,,M,WCSP (in review),810834,38576-2,"Contr. U. S. Natl. Herb.","5: 113","","1897"
kew-2687511,A,Burseraceae,,Bursera,,"dubia",,"","Bullock",Accepted,,M,WCSP (in review),810835,38577-2,"Bull. Misc. Inform. Kew","1937: 452","","1937"
kew-2687513,A,Burseraceae,,Bursera,,"epinnata",,"","(Rose) Engl.",Accepted,,M,WCSP (in review),810837,38578-2,"Nat. Pflanzenfam. ed. 2","19a: 425","","1931"
kew-2687515,A,Burseraceae,,Bursera,,"esparzae",,"","Rzed., Calderón & Medina",Accepted,,M,WCSP (in review),810839,60431777-2,"Acta Bot. Mex.","66: 77","","2004"
kew-2687516,A,Burseraceae,,Bursera,,"excelsa",,"","(Kunth) Engl.",Accepted,,M,WCSP (in review),810840,127123-1,"Monogr. Phan.","4: 57","","1883"
kew-2687520,A,Burseraceae,,Bursera,,"fagaroides",,"","(Kunth) Engl.",Accepted,,M,WCSP (in review),810844,127124-1,"Monogr. Phan.","4: 48","","1883"
kew-2687527,A,Burseraceae,,Bursera,,"filicifolia",,"","Brandegee",Accepted,,M,WCSP (in review),810851,38587-2,"Zoe","5: 248","","1908"
kew-2687528,A,Burseraceae,,Bursera,,"fragilis",,"","S.Watson",Accepted,,M,WCSP (in review),810852,38588-2,"Proc. Amer. Acad. Arts","21: 422","","1886"
kew-2687529,A,Burseraceae,,Bursera,,"fragrantissima",,"","Bullock",Accepted,,M,WCSP (in review),810853,38589-2,"Bull. Misc. Inform. Kew","1936: 454","","1936"
kew-2687530,A,Burseraceae,,Bursera,,"frenningiae",,"","Correll",Accepted,,M,WCSP (in review),810854,38590-2,"J. Arnold Arbor.","60: 157","","1979"
kew-2687531,A,Burseraceae,,Bursera,,"galeottiana",,"","Engl.",Accepted,,M,WCSP (in review),810855,127129-1,"Monogr. Phan.","4: 47","","1883"
kew-2687532,A,Burseraceae,,Bursera,,"glabra",,"","(Jacq.) Triana & Planch.",Accepted,,M,WCSP (in review),810856,127130-1,"Ann. Sci. Nat., Bot.","V, 14: 304","","1872"
kew-2687534,A,Burseraceae,,Bursera,,"glabrifolia",,"","(Kunth) Engl.",Accepted,,M,WCSP (in review),810858,38593-2,"Nat. Pflanzenfam.","3(4): 251","","1896"
kew-2687535,A,Burseraceae,,Bursera,,"glauca",,"","Griseb.",Accepted,,M,WCSP (in review),810859,127133-1,"Cat. Pl. Cub.","66","","1866"
kew-2687537,A,Burseraceae,,Bursera,,"gracilipes",,"","Urb. & Ekman",Accepted,,M,WCSP (in review),810861,38596-2,"Ark. Bot.","22A(8): 58","","1929"
kew-2687539,A,Burseraceae,,Bursera,,"grandifolia",,"","(Schltdl.) Engl.",Accepted,,M,WCSP (in review),810863,127137-1,"Monogr. Phan.","4: 45","","1883"
kew-2687541,A,Burseraceae,,Bursera,,"graveolens",,"","(Kunth) Triana & Planch.",Accepted,,L,WCSP (in review),810865,127138-1,"Ann. Sci. Nat., Bot.","V, 14: 303","","1872"
kew-2687551,A,Burseraceae,,Bursera,,"heliae",,"","Rzed. & Calderón",Accepted,,M,WCSP (in review),810875,324246-2,"Acta Bot. Mex.","59: 83","","2002"
kew-2687552,A,Burseraceae,,Bursera,,"heptaphylla",,"","C.Wright",Accepted,,M,WCSP (in review),810876,127141-1,"Fl. Cub.","20","","1869"
kew-2687553,A,Burseraceae,,Bursera,,"heteresthes",,"","Bullock",Accepted,,M,WCSP (in review),810877,38608-2,"Bull. Misc. Inform. Kew","1936: 357","","1936"
kew-2687554,A,Burseraceae,,Bursera,,"heterophylla",,"","Engl.",Accepted,,M,WCSP (in review),810878,127143-1,"Monogr. Phan.","4: 46","","1883"
kew-2687555,A,Burseraceae,,Bursera,,"hindsiana",,"","(Benth.) Engl.",Accepted,,M,WCSP (in review),810879,127144-1,"Monogr. Phan.","4: 58","","1883"
kew-2687558,A,Burseraceae,,Bursera,,"hintonii",,"","Bullock",Accepted,,M,WCSP (in review),810882,38611-2,"Bull. Misc. Inform. Kew","1936: 366","","1936"
kew-2687559,A,Burseraceae,,Bursera,,"hollickii",,"","(Britton) Fawc. & Rendle",Accepted,,L,WCSP (in review),810883,38612-2,"Fl. Jamaica","4: 207","","1920"
kew-2687560,A,Burseraceae,,Bursera,,"howellii",,"","Standl.",Accepted,,M,WCSP (in review),810884,38613-2,"Publ. Field Mus. Nat. Hist., Bot. Ser.","23: 58","","1944"
kew-2687561,A,Burseraceae,,Bursera,,"icicariba",,"","Baill.",Accepted,,M,WCSP (in review),810885,127149-1,"Hist. Pl.","5: 297","","1874"
tro-50271763,A,Burseraceae,,Bursera,,"inferdinalis",,"","Guevara & Rzed.",Accepted,,M,TRO,50271763,,"Bol. Soc. Bot. México","39: 65-68","65","1980"
kew-2687563,A,Burseraceae,,Bursera,,"infernidialis",,"","Guevara & Rzed.",Accepted,,M,WCSP (in review),810887,38615-2,"Bol. Soc. Bot. México","39: 65","","1980"
kew-2687565,A,Burseraceae,,Bursera,,"instabilis",,"","McVaugh & Rzed.",Accepted,,M,WCSP (in review),810889,38617-2,"Kew Bull.","18: 358","","1965"
kew-2687567,A,Burseraceae,,Bursera,,"inversa",,"","Daly",Accepted,,M,WCSP (in review),810891,300585-2,"Brittonia","45: 242","","1993"
kew-2687568,A,Burseraceae,,Bursera,,"isthmica",,"","Rzed. & Calderón",Accepted,,M,WCSP (in review),810892,324247-2,"Acta Bot. Mex.","59: 86","","2002"
kew-2687569,A,Burseraceae,,Bursera,,"itzae",,"","Lundell",Accepted,,M,WCSP (in review),810893,38618-2,"Wrightia","4: 89","","1968"
kew-2687573,A,Burseraceae,,Bursera,,"karsteniana",,"","Engl.",Accepted,,M,WCSP (in review),810897,127158-1,"Monogr. Phan.","4: 41","","1883"
kew-2687574,A,Burseraceae,,Bursera,,"karwinskii",,"","Engl.",Accepted,,M,WCSP (in review),810898,127159-1,"Monogr. Phan.","4: 41","","1883"
kew-2687575,A,Burseraceae,,Bursera,,"kerberi",,"","Engl.",Accepted,,M,WCSP (in review),810899,127160-1,"Monogr. Phan.","4: 41","","1883"
kew-2687576,A,Burseraceae,,Bursera,,"klugii",,"","(J.Macbr.) J.F.Macbr.",Accepted,,M,WCSP (in review),810900,127161-1,"Publ. Field Mus. Nat. Hist., Bot. Ser.","13(3): 712","","1949"
kew-2687577,A,Burseraceae,,Bursera,,"krusei",,"","Rzed.",Accepted,,M,WCSP (in review),810901,38623-2,"Ciencia (Mexico)","28: 50","","1973"
kew-2687578,A,Burseraceae,,Bursera,,"lancifolia",,"","(Schltdl.) Engl.",Accepted,,M,WCSP (in review),810902,127163-1,"Monogr. Phan.","4: 42","","1883"
kew-2687580,A,Burseraceae,,Bursera,,"laurihuertae",,"","Rzed. & Calderón",Accepted,,M,WCSP (in review),810904,320908-2,"Acta Bot. Mex.","52: 75","","2000"
kew-2687581,A,Burseraceae,,Bursera,,"laxiflora",,"","S.Watson",Accepted,,M,WCSP (in review),810905,38624-2,"Proc. Amer. Acad. Arts","24: 44","","1889"
kew-2687585,A,Burseraceae,,Bursera,,"linanoe",,"","(La Llave) Rzed., Calderón & Medina",Accepted,,M,WCSP (in review),810909,60431778-2,"Acta Bot. Mex.","66: 103","","2004"
kew-2687589,A,Burseraceae,,Bursera,,"longipes",,"","(Rose) Standl.",Accepted,,M,WCSP (in review),810913,38630-2,"Publ. Field Mus. Nat. Hist., Bot. Ser.","4: 217","","1929"
kew-2687590,A,Burseraceae,,Bursera,,"lunanii",,"","(Spreng.) C.D.Adams & Dandy ex Proctor",Accepted,,M,WCSP (in review),810914,38632-2,"J. Arnold Arbor.","63: 254","","1982"
kew-2687594,A,Burseraceae,,Bursera,,"macvaughiana",,"","Cuevas & Rzed.",Accepted,,M,WCSP (in review),810918,318012-2,"Acta Bot. Mex.","46: 78","","1999"
kew-2687595,A,Burseraceae,,Bursera,,"madrigalii",,"","Rzed. & Calderón",Accepted,,M,WCSP (in review),810919,60441372-2,"Acta Bot. Mex.","74: 170","","2006"
kew-2687596,A,Burseraceae,,Bursera,,"malacophylla",,"","B.L.Rob.",Accepted,,M,WCSP (in review),810920,38633-2,"Proc. Amer. Acad. Arts","38: 160","","1902"
kew-2687597,A,Burseraceae,,Bursera,,"martae",,"","J.Jiménez Ram. & Cruz Durán",Accepted,,M,WCSP (in review),810921,321649-2,"Acta Bot. Mex.","55: 7","","2001"
kew-2687599,A,Burseraceae,,Bursera,,"medranoana",,"","Rzed. & E.Ortíz",Accepted,,M,WCSP (in review),810923,273571-2,"Acta Bot. Mex.","1: 17","","1988"
kew-2687601,A,Burseraceae,,Bursera,,"microphylla",,"","A.Gray",Accepted,,M,WCSP (in review),810925,127178-1,"Proc. Amer. Acad. Arts","5: 155","","1861"
kew-2687602,A,Burseraceae,,Bursera,,"mirandae",,"","C.A.Toledo",Accepted,,M,WCSP (in review),810926,273572-2,"Biótica","9: 441","","1984 publ. 1985"
kew-2687603,A,Burseraceae,,Bursera,,"morelensis",,"","Ramírez",Accepted,,M,WCSP (in review),810927,127179-1,"Estud. Hist. Nat.","120","","1904"
kew-2687604,A,Burseraceae,,Bursera,,"multifolia",,"","(Rose) Engl.",Accepted,,M,WCSP (in review),810928,127180-1,"Nat. Pflanzenfam. ed. 2","19a: 426","","1931"
kew-2687605,A,Burseraceae,,Bursera,,"multijuga",,"","Engl.",Accepted,,M,WCSP (in review),810929,127181-1,"Monogr. Phan.","4: 42","","1883"
kew-2687606,A,Burseraceae,,Bursera,,"nashii",,"","(Britton) Urb.",Accepted,,L,WCSP (in review),810930,38638-2,"Symb. Antill.","8: 329","","1920"
kew-2687613,A,Burseraceae,,Bursera,,"occulta",,"","McVaugh & Rzed.",Accepted,,M,WCSP (in review),810937,38643-2,"Kew Bull.","18: 376","","1965"
kew-2687615,A,Burseraceae,,Bursera,,"oerstedii",,"","(Standl.) Standl.",Accepted,,M,WCSP (in review),810939,38645-2,"Publ. Field Mus. Nat. Hist., Bot. Ser.","4: 217","","1929"
kew-2687617,A,Burseraceae,,Bursera,,"ovalifolia",,"","(Schltdl.) Engl.",Accepted,,M,WCSP (in review),810941,127193-1,"Monogr. Phan.","4: 40","","1883"
kew-2687618,A,Burseraceae,,Bursera,,"ovata",,"","Urb. & Ekman",Accepted,,M,WCSP (in review),810942,38646-2,"Ark. Bot.","22A(8): 57","","1929"
kew-2687619,A,Burseraceae,,Bursera,,"palaciosii",,"","Rzed. & Calderón",Accepted,,M,WCSP (in review),810943,320167-2,"Acta Bot. Mex.","50: 47","","2000"
kew-2687620,A,Burseraceae,,Bursera,,"palmeri",,"","S.Watson",Accepted,,M,WCSP (in review),810944,38647-2,"Proc. Amer. Acad. Arts","22: 402","","1887"
kew-2687622,A,Burseraceae,,Bursera,,"panamensis",,"","Pittier",Accepted,,M,WCSP (in review),810946,38649-2,"J. Wash. Acad. Sci.","11: 229","","1921"
kew-2687625,A,Burseraceae,,Bursera,,"paradoxa",,"","Guevara & Rzed.",Accepted,,M,WCSP (in review),810949,38651-2,"Bol. Soc. Bot. México","39: 69","","1980"
kew-2687626,A,Burseraceae,,Bursera,,"penicillata",,"","(Sessé & Moç. ex DC.) Engl.",Accepted,,M,WCSP (in review),810950,127199-1,"Monogr. Phan.","4: 52","","1883"
kew-2687627,A,Burseraceae,,Bursera,,"permollis",,"","Standl. & Steyerm.",Accepted,,M,WCSP (in review),810951,38652-2,"Publ. Field Mus. Nat. Hist., Bot. Ser.","23: 166","","1944"
kew-2687629,A,Burseraceae,,Bursera,,"pontiveteris",,"","Rzed., Calderón & Medina",Accepted,,M,WCSP (in review),810953,60431779-2,"Acta Bot. Mex.","66: 116","","2004"
kew-2687636,A,Burseraceae,,Bursera,,"ribana",,"","Rzed. & Calderón",Accepted,,M,WCSP (in review),810960,320168-2,"Acta Bot. Mex.","50: 51","","2000"
kew-2606484,A,Burseraceae,,Bursera,,"roseana",,"","Rzed., Calderón & Medina",Accepted,,M,WCSP (in review),730995,60447010-2,"Acta Bot. Mex.","81: 60","","2007"
kew-2687638,A,Burseraceae,,Bursera,,"rzedowskii",,"","C.A.Toledo",Accepted,,M,WCSP (in review),810962,273573-2,"Biótica","9: 444","","1984 publ. 1985"
kew-2687639,A,Burseraceae,,Bursera,,"sarcopoda",,"","Paul G.Wilson",Accepted,,M,WCSP (in review),810963,273574-2,"Kew Bull.","13: 156","","1958"
kew-2687640,A,Burseraceae,,Bursera,,"sarukhanii",,"","Guevara & Rzed.",Accepted,,M,WCSP (in review),810964,38662-2,"Bol. Soc. Bot. México","39: 73","","1980"
kew-2687643,A,Burseraceae,,Bursera,,"schlechtendalii",,"","Engl.",Accepted,,M,WCSP (in review),810967,127212-1,"Monogr. Phan.","4: 41","","1883"
kew-2687644,A,Burseraceae,,Bursera,,"sellowii",,"","Turcz.",Accepted,,M,WCSP (in review),810968,127213-1,"Bull. Soc. Imp. Naturalistes Moscou","36(1): 613","","1863"
kew-2687648,A,Burseraceae,,Bursera,,"shaferi",,"","(Britton & P.Wilson) Urb.",Accepted,,M,WCSP (in review),810972,38668-2,"Repert. Spec. Nov. Regni Veg.","22: 363","","1926"
kew-2606485,A,Burseraceae,,Bursera,,"silviae",,"","Rzed. & Calderón",Accepted,,M,WCSP (in review),730996,60447084-2,"Acta Bot. Mex.","82: 76","","2008"
kew-2687649,A,Burseraceae,,Bursera,,"simaruba",,"","(L.) Sarg.",Accepted,,M,WCSP (in review),810973,38669-2,"Gard. & Forest.","3: 260","","1890"
kew-2687651,A,Burseraceae,,Bursera,,"simplex",,"","Rzed. & Calderón",Accepted,,M,WCSP (in review),810975,60441373-2,"Acta Bot. Mex.","74: 174","","2006"
kew-2687654,A,Burseraceae,,Bursera,,"spinescens",,"","Urb. & Ekman",Accepted,,M,WCSP (in review),810978,38673-2,"Ark. Bot.","22A(8): 57","","1929"
kew-2687655,A,Burseraceae,,Bursera,,"standleyana",,"","L.O.Williams & Cuatrec.",Accepted,,M,WCSP (in review),810979,38674-2,"Trop. Woods","110: 30","","1959"
kew-2687656,A,Burseraceae,,Bursera,,"staphyleoides",,"","McVaugh & Rzed.",Accepted,,M,WCSP (in review),810980,38675-2,"Kew Bull.","18: 360","","1965"
kew-2687657,A,Burseraceae,,Bursera,,"stenophylla",,"","Sprague & L.Riley",Accepted,,M,WCSP (in review),810981,38676-2,"Bull. Misc. Inform. Kew","1923: 169","","1923"
kew-2687659,A,Burseraceae,,Bursera,,"submoniliformis",,"","Engl.",Accepted,,M,WCSP (in review),810983,127225-1,"Monogr. Phan.","4: 55","","1883"
kew-2687662,A,Burseraceae,,Bursera,,"subtrifoliata",,"","(Rose) Standl.",Accepted,,M,WCSP (in review),810986,38681-2,"Publ. Field Mus. Nat. Hist., Bot. Ser.","4: 217","","1929"
kew-2687663,A,Burseraceae,,Bursera,,"suntui",,"","C.A.Toledo",Accepted,,M,WCSP (in review),810987,273575-2,"Biótica","9: 446","","1984 publ. 1985"
kew-2687666,A,Burseraceae,,Bursera,,"tecomaca",,"","(Sessé & Moç. ex DC.) Standl.",Accepted,,M,WCSP (in review),810990,38682-2,"Publ. Field Mus. Nat. Hist., Bot. Ser.","4: 217","","1929"
kew-2606486,A,Burseraceae,,Bursera,,"toledoana",,"","Rzed. & Calderón",Accepted,,M,WCSP (in review),730997,60447085-2,"Acta Bot. Mex.","82: 81","","2008"
kew-2687669,A,Burseraceae,,Bursera,,"tomentosa",,"","(Jacq.) Triana & Planch.",Accepted,,M,WCSP (in review),810993,127234-1,"Ann. Sci. Nat., Bot.","V, 14: 304","","1872"
kew-2687672,A,Burseraceae,,Bursera,,"trifoliolata",,"","Bullock",Accepted,,M,WCSP (in review),810996,38686-2,"Bull. Misc. Inform. Kew","1936: 378","","1936"
kew-2687675,A,Burseraceae,,Bursera,,"trimera",,"","Bullock",Accepted,,M,WCSP (in review),810999,38688-2,"Bull. Misc. Inform. Kew","1936: 379","","1936"
tro-50172960,A,Burseraceae,,Bursera,,"vasquezyanesii",,"","Rzed. & Calderón",Accepted,,M,TRO,50172960,,"Acta Bot. Mex.","50: 55-58, f. 3","55","2000"
kew-2687677,A,Burseraceae,,Bursera,,"vazquezyanesii",,"","Rzed. & Calderón",Accepted,,M,WCSP (in review),811001,320169-2,"Acta Bot. Mex.","50: 55","","2000"
kew-2687678,A,Burseraceae,,Bursera,,"vejar-vazquezii",,"","Miranda",Accepted,,M,WCSP (in review),811002,127241-1,"Anales Inst. Biol. Univ. Nac. México","13: 451","","1942"
kew-2687679,A,Burseraceae,,Bursera,,"velutina",,"","Bullock",Accepted,,M,WCSP (in review),811003,38691-2,"Bull. Misc. Inform. Kew","1936: 380","","1936"
kew-2687683,A,Burseraceae,,Bursera,,"xochipalensis",,"","Rzed.",Accepted,,M,WCSP (in review),811007,38695-2,"Ciencia (Mexico)","28: 51","","1973"
kew-2695779,A,Burseraceae,,Canarium,,"acutifolium",,"","(DC.) Merr.",Accepted,,L,WCSP (in review),818901,127259-1,"Interpr. Herb. Amboin.","302","","1917"
kew-2695780,A,Burseraceae,,Canarium,,"acutifolium",var.,"aemulans","(Lauterb.) Leenh.",Accepted,,L,WCSP (in review),818902,,"in Fl. Males.","5: 292","","1956"
kew-2695787,A,Burseraceae,,Canarium,,"album",,"","(Lour.) DC.",Accepted,,M,WCSP (in review),818909,,"Prodr.","2: 80","","1825"
kew-2695795,A,Burseraceae,,Canarium,,"apertum",,"","H.J.Lam",Accepted,,L,WCSP (in review),818917,127273-1,"Ann. Jard. Bot. Buitenzorg","42: 214","","1932"
kew-2695799,A,Burseraceae,,Canarium,,"asperum",,"","Benth.",Accepted,,M,WCSP (in review),818921,127277-1,"London J. Bot.","2: 215","","1843"
kew-2695801,A,Burseraceae,,Canarium,,"asperum",subsp.,"papuanum","(H.J.Lam) Leenh.",Accepted,,L,WCSP (in review),818923,,"Bernice P. Bishop Mus. Bull.","216: 12","","1955"
kew-2695803,A,Burseraceae,,Canarium,,"australasicum",,"","(F.M.Bailey) Leenh.",Accepted,,M,WCSP (in review),818925,127279-1,"Blumea","7: 159","","1952"
kew-2695804,A,Burseraceae,,Canarium,,"australianum",,"","F.Muell.",Accepted,,M,WCSP (in review),818926,127280-1,"Fragm.","3: 15","","1862"
kew-2695809,A,Burseraceae,,Canarium,,"balansae",,"","Engl.",Accepted,,M,WCSP (in review),818931,127283-1,"Monogr. Phan.","4: 117","","1883"
kew-2695810,A,Burseraceae,,Canarium,,"balsamiferum",,"","Willd.",Accepted,,M,WCSP (in review),818932,127285-1,"Sp. Pl.","4: 760","","1806"
kew-2695813,A,Burseraceae,,Canarium,,"batjanense",,"","Leenh.",Accepted,,M,WCSP (in review),818935,897290-1,"Blumea","27: 211","","1981"
kew-2695815,A,Burseraceae,,Canarium,,"bengalense",,"","Roxb.",Accepted,,M,WCSP (in review),818937,,"Fl. Ind. ed. 1832","3: 138","","1832"
kew-2695825,A,Burseraceae,,Canarium,,"caudatum",,"","King",Accepted,,M,WCSP (in review),818947,127298-1,"J. Asiat. Soc. Bengal, Pt. 2, Nat. Hist.","62(2): 240","","1893"
kew-2695828,A,Burseraceae,,Canarium,,"cestracion",,"","Leenh.",Accepted,,M,WCSP (in review),818950,127300-1,"Blumea","8: 189","","1955"
kew-2695830,A,Burseraceae,,Canarium,,"chinare",,"","Grutt. & H.J.Lam",Accepted,,M,WCSP (in review),818952,127302-1,"Bernice P. Bishop Mus. Bull.","216: 7","","1955"
kew-2695831,A,Burseraceae,,Canarium,,"cinereum",,"","Guillaumin",Accepted,,M,WCSP (in review),818953,127303-1,"Bull. Soc. Bot. France","55: 612","","1908 publ. 1909"
kew-2695840,A,Burseraceae,,Canarium,,"copaliferum",,"","A.Chev.",Accepted,,M,WCSP (in review),818962,127311-1,"Bull. Écon. Indochine","n.s., 20: 807","","1918"
kew-2695847,A,Burseraceae,,Canarium,,"decumanum",,"","Gaertn.",Accepted,,M,WCSP (in review),818969,127318-1,"Fruct. Sem. Pl.","2: 99","","1790"
kew-2695848,A,Burseraceae,,Canarium,,"denticulatum",,"","Blume",Accepted,,M,WCSP (in review),818970,127319-1,"Bijdr.","1162","","1826"
kew-2695852,A,Burseraceae,,Canarium,,"dichotomum",,"","(Blume) Miq.",Accepted,,M,WCSP (in review),818974,127320-1,"Fl. Ned. Ind.","1(2): 648","","1859"
kew-2695854,A,Burseraceae,,Canarium,,"divergens",,"","Engl.",Accepted,,M,WCSP (in review),818976,127321-1,"Monogr. Phan.","4: 143","","1883"
kew-2695861,A,Burseraceae,,Canarium,,"engleri",,"","H.J.Lam",Accepted,,M,WCSP (in review),818983,127329-1,"Ann. Jard. Bot. Buitenzorg","42: 208","","1932"
kew-2695864,A,Burseraceae,,Canarium,,"euphyllum",,"","Kurz",Accepted,,M,WCSP (in review),818986,127332-1,"J. Asiat. Soc. Bengal, Pt. 2, Nat. Hist.","41(2): 295","","1872"
kew-2695866,A,Burseraceae,,Canarium,,"euryphyllum",,"","G.Perkins",Accepted,,M,WCSP (in review),818988,127334-1,"Fragm. Fl. Philipp.","1: 99","","1904"
kew-2695867,A,Burseraceae,,Canarium,,"euryphyllum",var.,"ramosii","(Merr.) Leenh.",Accepted,,L,WCSP (in review),818989,,"in Fl. Males.","5: 280","","1956"
kew-2695874,A,Burseraceae,,Canarium,,"fuscocalycinum",,"","Stapf ex Ridl.",Accepted,,M,WCSP (in review),818996,127341-1,"Bull. Misc. Inform. Kew","1930: 82","","1930"
kew-2695880,A,Burseraceae,,Canarium,,"gracile",,"","Engl.",Accepted,,M,WCSP (in review),819002,127347-1,"Monogr. Phan.","4: 140","","1883"
kew-2695882,A,Burseraceae,,Canarium,,"grandifolium",,"","(Ridl.) H.J.Lam",Accepted,,L,WCSP (in review),819004,127349-1,"Ann. Jard. Bot. Buitenzorg","42: 215","","1932"
kew-2695886,A,Burseraceae,,Canarium,,"harami",,"","Bojer",Accepted,,M,WCSP (in review),819008,127354-1,"Hortus Maurit.","83","","1837"
kew-2695887,A,Burseraceae,,Canarium,,"harveyi",,"","Seem.",Accepted,,M,WCSP (in review),819009,127355-1,"Fl. Vit.","35","","1865"
kew-2695889,A,Burseraceae,,Canarium,,"harveyi",var.,"sapidum","(Hemsl.) Leenh.",Accepted,,L,WCSP (in review),819011,,"Bernice P. Bishop Mus. Bull.","216: 37","","1955"
kew-2695892,A,Burseraceae,,Canarium,,"hirsutum",,"","Willd.",Accepted,,M,WCSP (in review),819014,127357-1,"Sp. Pl.","4: 760","","1806"
kew-2695906,A,Burseraceae,,Canarium,,"indicum",,"","L.",Accepted,,M,WCSP (in review),819028,169819-3,"Amoen. Acad.","4: 143","","1759"
kew-2695908,A,Burseraceae,,Canarium,,"intermedium",,"","H.J.Lam",Accepted,,M,WCSP (in review),819030,127365-1,"Ann. Jard. Bot. Buitenzorg","42: 213","","1932"
kew-2695911,A,Burseraceae,,Canarium,,"kaniense",,"","Lauterb.",Accepted,,M,WCSP (in review),819033,127368-1,"Bot. Jahrb. Syst.","56: 322","","1920"
kew-2695913,A,Burseraceae,,Canarium,,"karoense",,"","H.J.Lam",Accepted,,M,WCSP (in review),819035,127369-1,"Ann. Jard. Bot. Buitenzorg","42: 215","","1932"
kew-2695914,A,Burseraceae,,Canarium,,"kerrii",,"","Craib",Accepted,,M,WCSP (in review),819036,127370-1,"Bull. Misc. Inform. Kew","1911: 26","","1911"
kew-2695915,A,Burseraceae,,Canarium,,"kinabaluense",,"","Leenh.",Accepted,,M,WCSP (in review),819037,127372-1,"Blumea","8: 182","","1955"
kew-2695916,A,Burseraceae,,Canarium,,"kipella",,"","(Blume) Miq.",Accepted,,M,WCSP (in review),819038,127373-1,"Fl. Ned. Ind.","1(2): 646","","1859"
kew-2695919,A,Burseraceae,,Canarium,,"kostermansii",,"","Leenh.",Accepted,,M,WCSP (in review),819041,127377-1,"Blumea","8: 191","","1955"
kew-2695924,A,Burseraceae,,Canarium,,"lamii",,"","Leenh.",Accepted,,M,WCSP (in review),819046,127382-1,"Blumea","8: 184","","1955"
kew-2695925,A,Burseraceae,,Canarium,,"latistipulatum",,"","Ridl.",Accepted,,M,WCSP (in review),819047,127383-1,"Bull. Misc. Inform. Kew","1930: 81","","1930"
kew-2695936,A,Burseraceae,,Canarium,,"liguliferum",,"","Leenh.",Accepted,,M,WCSP (in review),819058,127392-1,"Blumea","13: 163","","1965"
kew-2695939,A,Burseraceae,,Canarium,,"littorale",,"","Blume",Accepted,,M,WCSP (in review),819061,127395-1,"Bijdr.","1164","","1826"
kew-2695949,A,Burseraceae,,Canarium,,"luzonicum",,"","(Blume) A.Gray",Accepted,,M,WCSP (in review),819071,,"U.S. Expl. Exped., Phan.","1: 374","","1854"
kew-2695950,A,Burseraceae,,Canarium,,"lyi",,"","C.D.Dai & Yakovlev",Accepted,,M,WCSP (in review),819072,905811-1,"Bot. Zhurn. (Moscow & Leningrad)","70: 783","","1985"
kew-2695951,A,Burseraceae,,Canarium,,"macadamii",,"","Leenh.",Accepted,,M,WCSP (in review),819073,127402-1,"Blumea","8: 191","","1955"
kew-2695953,A,Burseraceae,,Canarium,,"madagascariense",,"","Engl.",Accepted,,M,WCSP (in review),819075,127404-1,"Monogr. Phan.","4: 111","","1883"
kew-2695955,A,Burseraceae,,Canarium,,"madagascariense",subsp.,"obtusifolium","(Scott-Elliot) Leenh.",Accepted,,L,WCSP (in review),819077,,"Blumea","9: 380","","1959"
kew-2695958,A,Burseraceae,,Canarium,,"maluense",,"","Lauterb.",Accepted,,M,WCSP (in review),819080,127407-1,"Bot. Jahrb. Syst.","56: 323","","1920"
kew-2695967,A,Burseraceae,,Canarium,,"megacarpum",,"","Leenh.",Accepted,,M,WCSP (in review),819089,127412-1,"Blumea","8: 186","","1955"
kew-2695968,A,Burseraceae,,Canarium,,"megalanthum",,"","Merr.",Accepted,,M,WCSP (in review),819090,127413-1,"Philipp. J. Sci.","30: 81","","1926"
kew-2695971,A,Burseraceae,,Canarium,,"merrillii",,"","H.J.Lam",Accepted,,M,WCSP (in review),819093,127416-1,"Univ. Calif. Publ. Bot.","15: 117","","1929"
kew-2695984,A,Burseraceae,,Canarium,,"muelleri",,"","F.M.Bailey",Accepted,,M,WCSP (in review),819106,127429-1,"Queensl. Fl.","1: 224","","1899"
kew-2695998,A,Burseraceae,,Canarium,,"odontophyllum",,"","Miq.",Accepted,,M,WCSP (in review),819120,127442-1,"Fl. Ned. Ind.","1(2 Suppl.): 525","","1859"
kew-2696001,A,Burseraceae,,Canarium,,"oleiferum",,"","Baill.",Accepted,,M,WCSP (in review),819123,127444-1,"Adansonia","10: 341","","1872"
kew-2696002,A,Burseraceae,,Canarium,,"oleosum",,"","(Lam.) Engl.",Accepted,,M,WCSP (in review),819124,127445-1,"Nat. Pflanzenfam.","3(4): 241","","1896"
kew-2696004,A,Burseraceae,,Canarium,,"ovatum",,"","Engl.",Accepted,,M,WCSP (in review),819126,127447-1,"Monogr. Phan.","4: 110","","1883"
kew-2696010,A,Burseraceae,,Canarium,,"paniculatum",,"","(Lam.) Benth. ex Engl.",Accepted,,L,WCSP (in review),819132,127453-1,"Monogr. Phan.","4: 124","","1883"
kew-2696014,A,Burseraceae,,Canarium,,"parvum",,"","Leenh.",Accepted,,M,WCSP (in review),819136,127457-1,"Blumea","9: 408","","1959"
kew-2696015,A,Burseraceae,,Canarium,,"patentinervium",,"","Miq.",Accepted,,M,WCSP (in review),819137,127458-1,"Fl. Ned. Ind., Eerste Bijv.","526","","1861"
kew-2696021,A,Burseraceae,,Canarium,,"perlisanum",,"","Leenh.",Accepted,,M,WCSP (in review),819143,127462-1,"Blumea","8: 186","","1955"
kew-2696022,A,Burseraceae,,Canarium,,"pilososylvestre",,"","Leenh.",Accepted,,M,WCSP (in review),819144,127463-1,"Blumea","8: 186","","1955"
kew-2696023,A,Burseraceae,,Canarium,,"pilosum",,"","A.W.Benn.",Accepted,,M,WCSP (in review),819145,127464-1,"Fl. Brit. India","1: 533","","1875"
kew-2696024,A,Burseraceae,,Canarium,,"pilosum",subsp.,"borneensis","Leenh.",Accepted,,L,WCSP (in review),819146,,"Blumea","8: 193","","1955"
kew-2696026,A,Burseraceae,,Canarium,,"pimela",,"","K.D.Koenig",Accepted,,L,WCSP (in review),819148,,"Ann. Bot. (König & Sims)","1: 361","","1805"
kew-2696034,A,Burseraceae,,Canarium,,"polyphyllum",,"","K.Schum.",Accepted,,M,WCSP (in review),819156,127474-1,"Fl. Kais. Wilh. Land","63","","1889"
kew-2696038,A,Burseraceae,,Canarium,,"pseudodecumanum",,"","Hochr.",Accepted,,M,WCSP (in review),819160,127477-1,"Pl. Bogor. Exs.","61","","1904"
kew-2696039,A,Burseraceae,,Canarium,,"pseudopatentinervium",,"","H.J.Lam",Accepted,,M,WCSP (in review),819161,127478-1,"Ann. Jard. Bot. Buitenzorg","42: 214","","1932"
kew-2696040,A,Burseraceae,,Canarium,,"pseudopimela",,"","Kochummen",Accepted,,M,WCSP (in review),819162,982212-1,"Sandakania","5: 73","","1994"
kew-2696041,A,Burseraceae,,Canarium,,"pseudosumatranum",,"","Leenh.",Accepted,,M,WCSP (in review),819163,127479-1,"Blumea","8: 193","","1955"
kew-2696050,A,Burseraceae,,Canarium,,"reniforme",,"","Kochummen & Whitmore",Accepted,,M,WCSP (in review),819172,127488-1,"Gard. Bull. Singapore","24: 2","","1969"
kew-2696051,A,Burseraceae,,Canarium,,"resiniferum",,"","Bruce ex King",Accepted,,M,WCSP (in review),819173,127489-1,"J. Asiat. Soc. Bengal, Pt. 2, Nat. Hist.","62(2): 188","","1893"
kew-2696055,A,Burseraceae,,Canarium,,"rigidum",,"","(Blume) Zipp. ex Miq.",Accepted,,M,WCSP (in review),819177,127493-1,"Fl. Ned. Ind.","1(2): 648","","1859"
kew-2696060,A,Burseraceae,,Canarium,,"rotundifolium",,"","Guillaumin",Accepted,,M,WCSP (in review),819182,127498-1,"Bull. Soc. Bot. France","55: 614","","1909"
kew-2696072,A,Burseraceae,,Canarium,,"sarawakanum",,"","Kochummen",Accepted,,M,WCSP (in review),819194,982213-1,"Sandakania","5: 73","","1994"
kew-2696074,A,Burseraceae,,Canarium,,"schweinfurtii",,"","Engl.",Accepted,,M,WCSP (in review),819196,127513-1,"Monogr. Phan.","4: 145","","1883"
kew-2696081,A,Burseraceae,,Canarium,,"sikkimense",,"","King",Accepted,,M,WCSP (in review),819203,127520-1,"J. Asiat. Soc. Bengal, Pt. 2, Nat. Hist.","62(2): 187","","1893"
kew-2696084,A,Burseraceae,,Canarium,,"solomonense",,"","B.L.Burtt",Accepted,,M,WCSP (in review),819206,,"Bull. Misc. Inform. Kew","1935: 302","","1935"
kew-2696089,A,Burseraceae,,Canarium,,"strictum",,"","Roxb.",Accepted,,M,WCSP (in review),819211,,"Fl. Ind. ed. 1832","3: 138","","1832"
kew-2696093,A,Burseraceae,,Canarium,,"subulatum",,"","Guillaumin",Accepted,,M,WCSP (in review),819215,127531-1,"Bull. Soc. Bot. France","55: 613","","1909"
kew-2696095,A,Burseraceae,,Canarium,,"sumatranum",,"","Boerl. & Koord.",Accepted,,M,WCSP (in review),819217,127533-1,"Syst. Verz.","2: 25","","1910"
kew-2696096,A,Burseraceae,,Canarium,,"sylvestre",,"","Gaertn.",Accepted,,M,WCSP (in review),819218,127534-1,"Fruct. Sem. Pl.","2: 99","","1790"
kew-2696099,A,Burseraceae,,Canarium,,"thorelianum",,"","Guillaumin",Accepted,,M,WCSP (in review),819221,127537-1,"Bull. Soc. Bot. France","55: 614","","1909"
kew-2696109,A,Burseraceae,,Canarium,,"trifoliolatum",,"","Engl.",Accepted,,M,WCSP (in review),819231,127544-1,"Monogr. Phan.","4: 124","","1883"
kew-2696110,A,Burseraceae,,Canarium,,"trigonum",,"","H.J.Lam",Accepted,,M,WCSP (in review),819232,127545-1,"Ann. Jard. Bot. Buitenzorg","42: 219","","1932"
kew-2696114,A,Burseraceae,,Canarium,,"vanikoroense",,"","Leenh.",Accepted,,M,WCSP (in review),819236,127549-1,"Bernice P. Bishop Mus. Bull.","216: 7","","1955"
kew-2696116,A,Burseraceae,,Canarium,,"venosum",,"","Craib",Accepted,,M,WCSP (in review),819238,127551-1,"Bull. Misc. Inform. Kew","1926: 341","","1926"
kew-2696120,A,Burseraceae,,Canarium,,"vitiense",,"","A.Gray",Accepted,,M,WCSP (in review),819242,127555-1,"U.S. Expl. Exped., Phan.","1: 373","","1854"
kew-2696121,A,Burseraceae,,Canarium,,"vittatistipulatum",,"","Guillaumin",Accepted,,M,WCSP (in review),819243,127556-1,"Bull. Soc. Bot. France","55: 612","","1909"
kew-2696122,A,Burseraceae,,Canarium,,"vrieseanum",,"","Engl.",Accepted,,M,WCSP (in review),819244,127557-1,"Monogr. Phan.","4: 142","","1883"
kew-2696126,A,Burseraceae,,Canarium,,"vulgare",,"","Leenh.",Accepted,,M,WCSP (in review),819248,127560-1,"Bernice P. Bishop Mus. Bull.","216: 31","","1955"
kew-2696129,A,Burseraceae,,Canarium,,"whitei",,"","Guillaumin",Accepted,,M,WCSP (in review),819251,127563-1,"J. Arnold Arbor.","7: 91","","1926"
kew-2696133,A,Burseraceae,,Canarium,,"zeylanicum",,"","(Retz.) Blume",Accepted,,M,WCSP (in review),819255,127567-1,"Mus. Bot.","1: 218","","1850"
kew-2733384,A,Burseraceae,,Commiphora,,"acuminata",,"","Mattick",Accepted,,M,WCSP (in review),855408,127573-1,"Notizbl. Bot. Gart. Berlin-Dahlem","12: 656","","1935"
kew-2733387,A,Burseraceae,,Commiphora,,"africana",,"","(A.Rich.) Endl.",Accepted,,M,WCSP (in review),855411,127576-1,"Monogr. Phan.","4: 14","","1883"
kew-2733388,A,Burseraceae,,Commiphora,,"africana",var.,"glaucidula","(Engl.) J.B.Gillett",Accepted,,L,WCSP (in review),855412,966736-1,"in Fl. Trop. E. Afr.","Burserac.: 47","","1991"
kew-2733389,A,Burseraceae,,Commiphora,,"africana",var.,"oblongifoliolata","(Engl.) J.B.Gillett",Accepted,,L,WCSP (in review),855413,966737-1,"in Fl. Trop. E. Afr.","Burserac.: 48","","1991"
kew-2733390,A,Burseraceae,,Commiphora,,"africana",var.,"tubuk","(Sprague) J.B.Gillett",Accepted,,L,WCSP (in review),855414,966738-1,"in Fl. Trop. E. Afr.","Burserac.: 48","","1991"
kew-2733391,A,Burseraceae,,Commiphora,,"africana",var.,"venosa","(Mattick) Govaerts",Accepted,,L,WCSP (in review),855415,1009977-1,"World Checklist Seed Pl.","3(1): 20","","1999"
kew-2733393,A,Burseraceae,,Commiphora,,"agar",,"","Chiov.",Accepted,,M,WCSP (in review),855417,127578-1,"Fl. Somala","2: 119","","1932"
kew-2733394,A,Burseraceae,,Commiphora,,"airica",,"","A.Chev.",Accepted,,M,WCSP (in review),855418,127579-1,"Bull. Mus. Natl. Hist. Nat.","II, 4: 584","","1932"
kew-2733395,A,Burseraceae,,Commiphora,,"alata",,"","Chiov.",Accepted,,M,WCSP (in review),855419,127580-1,"Res. Sci. Somalia Ital.","1: 42","","1916"
kew-2733396,A,Burseraceae,,Commiphora,,"alaticaulis",,"","J.B.Gillett & Vollesen",Accepted,,M,WCSP (in review),855420,905880-1,"Kew Bull.","40: 52","","1985"
kew-2733397,A,Burseraceae,,Commiphora,,"albiflora",,"","Engl.",Accepted,,M,WCSP (in review),855421,127581-1,"Bot. Jahrb. Syst.","34: 310","","1904"
kew-2733398,A,Burseraceae,,Commiphora,,"allophylla",,"","Sprague",Accepted,,M,WCSP (in review),855422,127582-1,"Hooker's Icon. Pl.","32: t. 3110","","1927"
kew-2733399,A,Burseraceae,,Commiphora,,"anacardiifolia",,"","Dinter & Engl.",Accepted,,M,WCSP (in review),855423,127583-1,"Bot. Jahrb. Syst.","48: 475","","1912"
kew-2733400,A,Burseraceae,,Commiphora,,"ancistrophora",,"","Chiov.",Accepted,,M,WCSP (in review),855424,127584-1,"Fl. Somala","2: 111","","1932"
kew-2733401,A,Burseraceae,,Commiphora,,"anfractuosa",,"","Chiov.",Accepted,,M,WCSP (in review),855425,127585-1,"Fl. Somala","2: 99","","1932"
kew-2733402,A,Burseraceae,,Commiphora,,"anglosomaliae",,"","Chiov.",Accepted,,M,WCSP (in review),855426,127586-1,"Bull. Misc. Inform. Kew","1941: 132","","1941"
kew-2733403,A,Burseraceae,,Commiphora,,"angolensis",,"","Engl.",Accepted,,M,WCSP (in review),855427,127587-1,"Monogr. Phan.","4: 24","","1883"
kew-2733405,A,Burseraceae,,Commiphora,,"angustifoliolata",,"","Mendes",Accepted,,M,WCSP (in review),855429,,"Bol. Soc. Brot.","II, 28: 137","","1964"
kew-2733406,A,Burseraceae,,Commiphora,,"ankaranensis",,"","(Leroy) Cheek & Rakot.",Accepted,,M,WCSP (in review),855430,962545-1,"Taxon","40: 235","","1991"
kew-2733407,A,Burseraceae,,Commiphora,,"antunesii",,"","Engl.",Accepted,,M,WCSP (in review),855431,127589-1,"Nat. Pflanzenfam.","3(4): 255","","1896"
kew-2733408,A,Burseraceae,,Commiphora,,"aprevalii",,"","(Baill.) Guillaumin",Accepted,,M,WCSP (in review),855432,127590-1,"Bull. Soc. Bot. France","56: 142","","1909"
kew-2733409,A,Burseraceae,,Commiphora,,"arafy",,"","H.Perrier",Accepted,,M,WCSP (in review),855433,127591-1,"Mém. Mus. Natl. Hist. Nat.","n.s., 18: 283","","1944"
kew-2733411,A,Burseraceae,,Commiphora,,"arenaria",,"","Thulin",Accepted,,M,WCSP (in review),855435,1018992-1,"Nordic J. Bot.","20: 395","","2000 publ. 2001"
kew-2733415,A,Burseraceae,,Commiphora,,"baluensis",,"","Engl.",Accepted,,M,WCSP (in review),855439,127596-1,"Bot. Jahrb. Syst.","34: 313","","1904"
kew-2733417,A,Burseraceae,,Commiphora,,"berardellii",,"","Chiov.",Accepted,,M,WCSP (in review),855441,127598-1,"Atti Reale Accad. Italia, Mem. Cl. Sci. Fis.","11: 22","","1940"
kew-2733418,A,Burseraceae,,Commiphora,,"berberidifolia",,"","Engl.",Accepted,,M,WCSP (in review),855442,127599-1,"Bot. Jahrb. Syst.","48: 480","","1912"
kew-2733419,A,Burseraceae,,Commiphora,,"berryi",,"","(Arn.) Engl.",Accepted,,M,WCSP (in review),855443,127600-1,"Monogr. Phan.","4: 17","","1883"
kew-2733423,A,Burseraceae,,Commiphora,,"boranensis",,"","Vollesen",Accepted,,M,WCSP (in review),855447,905881-1,"Kew Bull.","40: 64","","1985"
kew-2733424,A,Burseraceae,,Commiphora,,"brevicalyx",,"","H.Perrier",Accepted,,M,WCSP (in review),855448,127604-1,"Mém. Mus. Natl. Hist. Nat.","n.s., 18: 277","","1944"
kew-2733425,A,Burseraceae,,Commiphora,,"bricchettii",,"","Chiov.",Accepted,,M,WCSP (in review),855449,127605-1,"Fl. Somala","2: 58","","1932"
kew-2733426,A,Burseraceae,,Commiphora,,"bruceae",,"","Chiov.",Accepted,,M,WCSP (in review),855450,127606-1,"Bull. Misc. Inform. Kew","1941: 133","","1941"
kew-2733428,A,Burseraceae,,Commiphora,,"caerulea",,"","Burtt",Accepted,,M,WCSP (in review),855452,127608-1,"Bull. Misc. Inform. Kew","1935: 111","","1935"
kew-2733430,A,Burseraceae,,Commiphora,,"campestris",,"","Engl.",Accepted,,M,WCSP (in review),855454,127610-1,"Bot. Jahrb. Syst.","15: 97","","1893"
kew-2733431,A,Burseraceae,,Commiphora,,"campestris",subsp.,"glabrata","(Engl.) J.B.Gillett",Accepted,,L,WCSP (in review),855455,966734-1,"in Fl. Trop. E. Afr.","Burserac.: 35","","1991"
kew-2733432,A,Burseraceae,,Commiphora,,"campestris",var.,"heterophylla","(Engl.) J.B.Gillett",Accepted,,L,WCSP (in review),855456,966733-1,"in Fl. Trop. E. Afr.","Burserac.: 35","","1991"
kew-2733437,A,Burseraceae,,Commiphora,,"capensis",,"","(Sodiro) Engl.",Accepted,,M,WCSP (in review),855461,127612-1,"Monogr. Phan.","4: 18","","1883"
kew-2733438,A,Burseraceae,,Commiphora,,"capuronii",,"","Bard.-Vauc.",Accepted,,M,WCSP (in review),855462,20006684-1,"Adansonia","III, 24: 43","","2002"
kew-2733440,A,Burseraceae,,Commiphora,,"cassan",,"","Chiov.",Accepted,,M,WCSP (in review),855464,127614-1,"Fl. Somala","2: 122","","1932"
kew-2733441,A,Burseraceae,,Commiphora,,"caudata",,"","(Wight & Arn.) Engl.",Accepted,,M,WCSP (in review),855465,127615-1,"Monogr. Phan.","4: 27","","1883"
kew-2733442,A,Burseraceae,,Commiphora,,"caudata",var.,"pubescens","(Wight & Arn.) K.M.Matthew",Accepted,,L,WCSP (in review),855466,966911-1,"Kew Bull.","46: 540","","1991"
kew-2733444,A,Burseraceae,,Commiphora,,"cervifolia",,"","Van der Walt",Accepted,,M,WCSP (in review),855468,127617-1,"J. S. African Bot.","37: 189","","1971"
kew-2733445,A,Burseraceae,,Commiphora,,"chaetocarpa",,"","J.B.Gillett",Accepted,,M,WCSP (in review),855469,958905-1,"in Fl. Trop. E. Afr.","Burserac.: 18","","1991"
kew-2733446,A,Burseraceae,,Commiphora,,"chevalieri",,"","Engl.",Accepted,,M,WCSP (in review),855470,127619-1,"Bull. Soc. Bot. France","54: 8","","1907"
kew-2733447,A,Burseraceae,,Commiphora,,"chiovendana",,"","J.B.Gillett ex Thulin",Accepted,,M,WCSP (in review),855471,1018998-1,"Nordic J. Bot.","20: 405","","2000 publ. 2001"
kew-2733449,A,Burseraceae,,Commiphora,,"ciliata",,"","Vollesen",Accepted,,M,WCSP (in review),855473,905882-1,"Kew Bull.","40: 50","","1985"
kew-2733451,A,Burseraceae,,Commiphora,,"coleopsis",,"","H.Perrier",Accepted,,M,WCSP (in review),855475,127622-1,"Mém. Mus. Natl. Hist. Nat.","n.s., 18: 282","","1944"
kew-2733452,A,Burseraceae,,Commiphora,,"confusa",,"","Vollesen",Accepted,,M,WCSP (in review),855476,905883-1,"Kew Bull.","40: 54","","1985"
kew-2733456,A,Burseraceae,,Commiphora,,"corrugata",,"","J.B.Gillett & Vollesen",Accepted,,M,WCSP (in review),855480,905884-1,"Kew Bull.","40: 59","","1985"
kew-2733458,A,Burseraceae,,Commiphora,,"crenatolobata",,"","Chiov.",Accepted,,M,WCSP (in review),855482,127627-1,"Bull. Misc. Inform. Kew","1941: 133","","1941"
kew-2733459,A,Burseraceae,,Commiphora,,"crenatoserrata",,"","Engl.",Accepted,,M,WCSP (in review),855483,127628-1,"Bot. Jahrb. Syst.","19: 140","","1894"
kew-2733462,A,Burseraceae,,Commiphora,,"cuneifolia",,"","Baker",Accepted,,M,WCSP (in review),855486,127632-1,"J. Linn. Soc., Bot.","25: 304","","1890"
kew-2733464,A,Burseraceae,,Commiphora,,"cyclophylla",,"","Chiov.",Accepted,,M,WCSP (in review),855488,,"Fl. Somala","2: 88","","1932"
kew-2733465,A,Burseraceae,,Commiphora,,"dalzielii",,"","Hutch.",Accepted,,M,WCSP (in review),855489,127635-1,"Fl. W. Trop. Afr.","1: 488","","1928"
kew-2733467,A,Burseraceae,,Commiphora,,"danduensis",,"","J.B.Gillett",Accepted,,M,WCSP (in review),855491,958908-1,"in Fl. Trop. E. Afr.","Burserac.: 39","","1991"
kew-2733470,A,Burseraceae,,Commiphora,,"dinteri",,"","Engl.",Accepted,,M,WCSP (in review),855494,127639-1,"Bot. Jahrb. Syst.","44: 151","","1910"
kew-2733471,A,Burseraceae,,Commiphora,,"discolor",,"","Mendes",Accepted,,M,WCSP (in review),855495,127640-1,"Bol. Soc. Brot.","II, 41: 155","","1967"
kew-2733472,A,Burseraceae,,Commiphora,,"drake-brockmanii",,"","Sprague",Accepted,,M,WCSP (in review),855496,127641-1,"Hooker's Icon. Pl.","32: t. 3112","","1927"
kew-2733473,A,Burseraceae,,Commiphora,,"dulcis",,"","Engl.",Accepted,,M,WCSP (in review),855497,127642-1,"Bot. Jahrb. Syst.","19: 141","","1894"
kew-2733474,A,Burseraceae,,Commiphora,,"edulis",,"","(Klotzsch) Engl.",Accepted,,M,WCSP (in review),855498,127643-1,"Monogr. Phan.","4: 22","","1883"
kew-2733475,A,Burseraceae,,Commiphora,,"edulis",subsp.,"boiviniana","(Engl.) J.B.Gillett",Accepted,,L,WCSP (in review),855499,966741-1,"in Fl. Trop. E. Afr.","Burserac.: 65","","1991"
kew-2733476,A,Burseraceae,,Commiphora,,"edulis",subsp.,"holosericea","(Engl.) J.B.Gillett",Accepted,,L,WCSP (in review),855500,966742-1,"in Fl. Trop. E. Afr.","Burserac.: 67","","1991"
kew-2733477,A,Burseraceae,,Commiphora,,"ellenbeckii",,"","Engl.",Accepted,,M,WCSP (in review),855501,127644-1,"Bot. Jahrb. Syst.","34: 303","","1904"
kew-2733478,A,Burseraceae,,Commiphora,,"ellisiae",,"","Vollesen",Accepted,,M,WCSP (in review),855502,905885-1,"Kew Bull.","40: 67","","1985"
kew-2733479,A,Burseraceae,,Commiphora,,"eminii",,"","Engl.",Accepted,,M,WCSP (in review),855503,127645-1,"Pflanzenw. Ost-Afrikas","C: 230","","1895"
kew-2733480,A,Burseraceae,,Commiphora,,"eminii",subsp.,"trifoliolata","(Engl.) J.B.Gillett",Accepted,,L,WCSP (in review),855504,966740-1,"in Fl. Trop. E. Afr.","Burserac.: 57","","1991"
kew-2733481,A,Burseraceae,,Commiphora,,"eminii",subsp.,"zimmermannii","(Engl.) J.B.Gillett",Accepted,,L,WCSP (in review),855505,966739-1,"in Fl. Trop. E. Afr.","Burserac.: 57","","1991"
kew-2733482,A,Burseraceae,,Commiphora,,"engleri",,"","Guillaumin",Accepted,,M,WCSP (in review),855506,127646-1,"Bull. Soc. Bot. France","56: 141","","1909"
kew-2733483,A,Burseraceae,,Commiphora,,"enneaphylla",,"","Chiov.",Accepted,,M,WCSP (in review),855507,127647-1,"Fl. Somala","2: 78","","1932"
kew-2733484,A,Burseraceae,,Commiphora,,"erlangeriana",,"","Engl.",Accepted,,M,WCSP (in review),855508,127648-1,"Bot. Jahrb. Syst.","34: 311","","1904"
kew-2733485,A,Burseraceae,,Commiphora,,"erosa",,"","Vollesen",Accepted,,M,WCSP (in review),855509,905886-1,"Kew Bull.","40: 60","","1985"
kew-2733486,A,Burseraceae,,Commiphora,,"erythraea",,"","(Ehrenb.) Engl.",Accepted,,M,WCSP (in review),855510,127649-1,"Monogr. Phan.","4: 20","","1883"
kew-2733487,A,Burseraceae,,Commiphora,,"falcata",,"","Capuron",Accepted,,M,WCSP (in review),855511,127650-1,"Adansonia","n.s., 2: 277","","1962"
kew-2733491,A,Burseraceae,,Commiphora,,"foliacea",,"","Sprague",Accepted,,M,WCSP (in review),855515,127654-1,"Hooker's Icon. Pl.","32: t. 3105","","1927"
kew-2733494,A,Burseraceae,,Commiphora,,"franciscana",,"","Capuron",Accepted,,M,WCSP (in review),855518,127657-1,"Adansonia","n.s., 2: 274","","1962"
kew-2733495,A,Burseraceae,,Commiphora,,"fraxinifolia",,"","Baker",Accepted,,M,WCSP (in review),855519,127658-1,"J. Linn. Soc., Bot.","22: 459","","1887"
kew-2733496,A,Burseraceae,,Commiphora,,"fraxinoides",,"","(Hiern) K.Schum.",Accepted,,M,WCSP (in review),855520,127659-1,"Just's Bot. Jahresber.","27(1): 480","","1901"
kew-2733497,A,Burseraceae,,Commiphora,,"fulvotomentosa",,"","Engl.",Accepted,,M,WCSP (in review),855521,127660-1,"Bot. Jahrb. Syst.","54: 295","","1917"
kew-2733499,A,Burseraceae,,Commiphora,,"gardoensis",,"","J.B.Gillett ex Thulin",Accepted,,M,WCSP (in review),855523,1018994-1,"Nordic J. Bot.","20: 399","","2000 publ. 2001"
kew-2604029,A,Burseraceae,,Commiphora,,"gariepensis",,"","Swanepoel",Accepted,,M,WCSP (in review),728698,77079439-1,"Bothalia","36: 52","","2006"
kew-2733500,A,Burseraceae,,Commiphora,,"giessii",,"","Van der Walt",Accepted,,M,WCSP (in review),855524,127662-1,"Dinteria","9: 23","","1973"
kew-2733501,A,Burseraceae,,Commiphora,,"gileadensis",,"","(L.) C.Chr.",Accepted,,M,WCSP (in review),855525,127663-1,"Dansk Bot. Ark.","4(3): 18","","1922"
kew-2733502,A,Burseraceae,,Commiphora,,"gillettii",,"","Chiov.",Accepted,,M,WCSP (in review),855526,127664-1,"Bull. Misc. Inform. Kew","1941: 135","","1941"
kew-2733504,A,Burseraceae,,Commiphora,,"glandulosa",,"","Schinz",Accepted,,M,WCSP (in review),855528,127666-1,"Bull. Herb. Boissier","II, 8: 633","","1908"
kew-2733506,A,Burseraceae,,Commiphora,,"glaucescens",,"","Engl.",Accepted,,M,WCSP (in review),855530,127667-1,"Bot. Jahrb. Syst.","10: 283","","1889"
kew-2733507,A,Burseraceae,,Commiphora,,"gorinii",,"","Chiov.",Accepted,,M,WCSP (in review),855531,127668-1,"Fl. Somala","2: 108","","1932"
kew-2733509,A,Burseraceae,,Commiphora,,"gracilifrondosa",,"","Dinter ex Van der Walt",Accepted,,M,WCSP (in review),855533,127671-1,"J. S. African Bot.","37: 193","","1971"
kew-2733510,A,Burseraceae,,Commiphora,,"gracilispina",,"","J.B.Gillett",Accepted,,M,WCSP (in review),855534,958904-1,"in Fl. Trop. E. Afr.","Burserac.: 18","","1991"
kew-2733511,A,Burseraceae,,Commiphora,,"grandifolia",,"","Engl.",Accepted,,M,WCSP (in review),855535,127672-1,"Monogr. Phan.","4: 25","","1883"
kew-2733513,A,Burseraceae,,Commiphora,,"grosswelleri",,"","Engl.",Accepted,,M,WCSP (in review),855537,127674-1,"Bot. Jahrb. Syst.","44: 147","","1910"
kew-2733514,A,Burseraceae,,Commiphora,,"guerichiania",,"","Engl.",Accepted,,M,WCSP (in review),855538,127675-1,"Bot. Jahrb. Syst.","19: 141","","1890"
kew-2733515,A,Burseraceae,,Commiphora,,"guidottii",,"","Chiov. ex Guid.",Accepted,,M,WCSP (in review),855539,127676-1,"Rivista Ital. Essenze Profumi","13: 232","","1931"
kew-2733516,A,Burseraceae,,Commiphora,,"guillauminii",,"","H.Perrier",Accepted,,M,WCSP (in review),855540,127677-1,"Mém. Mus. Natl. Hist. Nat.","n.s., 18: 281","","1944"
kew-2733517,A,Burseraceae,,Commiphora,,"gurreh",,"","Engl.",Accepted,,M,WCSP (in review),855541,127679-1,"Annuario Reale Ist. Bot. Roma","7: 17","","1897"
kew-2733518,A,Burseraceae,,Commiphora,,"habessinica",,"","(O.Berg) Engl.",Accepted,,M,WCSP (in review),855542,,"Monogr. Phan.","4: 10","","1883"
kew-2733521,A,Burseraceae,,Commiphora,,"hartmannii",,"","Engl.",Accepted,,M,WCSP (in review),855545,127681-1,"Bot. Jahrb. Syst.","44: 144","","1910"
kew-2733522,A,Burseraceae,,Commiphora,,"harveyi",,"","(Engl.) Engl.",Accepted,,M,WCSP (in review),855546,127682-1,"Monogr. Phan.","4: 25","","1883"
kew-2733523,A,Burseraceae,,Commiphora,,"hereroensis",,"","Schinz",Accepted,,M,WCSP (in review),855547,127683-1,"Bull. Herb. Boissier","II, 8: 632","","1908"
kew-2733525,A,Burseraceae,,Commiphora,,"hildebrandtii",,"","Engl.",Accepted,,M,WCSP (in review),855549,127685-1,"Monogr. Phan.","4: 15","","1883"
kew-2733528,A,Burseraceae,,Commiphora,,"hodai",,"","Sprague",Accepted,,M,WCSP (in review),855552,127687-1,"Hooker's Icon. Pl.","32: t. 3111","","1927"
kew-2733531,A,Burseraceae,,Commiphora,,"holtziana",,"","Engl.",Accepted,,M,WCSP (in review),855555,127690-1,"Bot. Jahrb. Syst.","34: 310","","1904"
kew-2733533,A,Burseraceae,,Commiphora,,"hornbyi",,"","Burtt",Accepted,,M,WCSP (in review),855557,127691-1,"Bull. Misc. Inform. Kew","1935: 112","","1935"
kew-2733534,A,Burseraceae,,Commiphora,,"horrida",,"","Chiov.",Accepted,,M,WCSP (in review),855558,127692-1,"Fl. Somala","2: 87","","1932"
kew-2733535,A,Burseraceae,,Commiphora,,"humbertii",,"","H.Perrier",Accepted,,M,WCSP (in review),855559,127693-1,"Mém. Mus. Natl. Hist. Nat.","n.s., 18: 276","","1944"
kew-2733537,A,Burseraceae,,Commiphora,,"incisa",,"","Chiov.",Accepted,,M,WCSP (in review),855561,127694-1,"Res. Sci. Somalia Ital.","1: 45","","1916"
kew-2733540,A,Burseraceae,,Commiphora,,"kaokoensis",,"","Swanepoel",Accepted,,M,WCSP (in review),855564,77067013-1,"Bothalia","35: 47","","2005"
kew-2733541,A,Burseraceae,,Commiphora,,"karibensis",,"","Wild",Accepted,,M,WCSP (in review),855565,127697-1,"Bol. Soc. Brot.","II, 33: 83","","1959"
kew-2733542,A,Burseraceae,,Commiphora,,"kataf",,"","(Forssk.) Engl.",Accepted,,M,WCSP (in review),855566,127698-1,"Monogr. Phan.","4: 19","","1883"
kew-2733544,A,Burseraceae,,Commiphora,,"kerstingii",,"","Engl.",Accepted,,M,WCSP (in review),855568,127699-1,"Bot. Jahrb. Syst.","44: 152","","1910"
kew-2733546,A,Burseraceae,,Commiphora,,"kraeuseliana",,"","Heine",Accepted,,M,WCSP (in review),855570,127701-1,"Senckenberg. Biol.","37: 493","","1956"
kew-2733548,A,Burseraceae,,Commiphora,,"kua",,"","(R.Br. ex Royle) Vollesen",Accepted,,M,WCSP (in review),855572,913830-1,"Nordic J. Bot.","4: 37","","1984"
kew-2733549,A,Burseraceae,,Commiphora,,"kua",var.,"gowlello","(Sprague) J.B.Gillett",Accepted,,L,WCSP (in review),855573,966732-1,"in Fl. Trop. E. Afr.","Burserac.: 19","","1991"
kew-2733550,A,Burseraceae,,Commiphora,,"kucharii",,"","Thulin",Accepted,,M,WCSP (in review),855574,1019001-1,"Nordic J. Bot.","20: 409","","2000 publ. 2001"
kew-2606746,A,Burseraceae,,Commiphora,,"kuneneana",,"","Swanepoel",Accepted,,M,WCSP (in review),731250,77086499-1,"Bothalia","37: 42","","2007"
kew-2604030,A,Burseraceae,,Commiphora,,"lacerata",,"","Thulin",Accepted,,M,WCSP (in review),728699,77076725-1,"Nordic J. Bot.","24: 374","","2006 publ. 2007"
kew-2733553,A,Burseraceae,,Commiphora,,"lamii",,"","H.Perrier",Accepted,,M,WCSP (in review),855577,127705-1,"Mém. Mus. Natl. Hist. Nat.","n.s., 18: 275","","1944"
kew-2733554,A,Burseraceae,,Commiphora,,"lasiodisca",,"","H.Perrier",Accepted,,M,WCSP (in review),855578,127706-1,"Mém. Mus. Natl. Hist. Nat.","n.s., 18: 284","","1944"
kew-2733555,A,Burseraceae,,Commiphora,,"laxicymigera",,"","H.Perrier",Accepted,,M,WCSP (in review),855579,,"Mém. Mus. Natl. Hist. Nat.","n.s., 18: 281","","1944"
kew-2733558,A,Burseraceae,,Commiphora,,"leandriana",,"","H.Perrier",Accepted,,M,WCSP (in review),855582,127710-1,"Mém. Mus. Natl. Hist. Nat.","n.s., 18: 280","","1944"
kew-2733560,A,Burseraceae,,Commiphora,,"leptophloeos",,"","(Mart.) J.B.Gillett",Accepted,,M,WCSP (in review),855584,63940-2,"Kew Bull.","34: 582","","1980"
kew-2733561,A,Burseraceae,,Commiphora,,"lindensis",,"","Engl.",Accepted,,M,WCSP (in review),855585,127713-1,"Bot. Jahrb. Syst.","34: 303","","1904"
kew-2733563,A,Burseraceae,,Commiphora,,"lobatospathulata",,"","J.B.Gillett ex Thulin",Accepted,,M,WCSP (in review),855587,1018997-1,"Nordic J. Bot.","20: 403","","2000 publ. 2001"
kew-2733564,A,Burseraceae,,Commiphora,,"longibracteata",,"","Engl.",Accepted,,M,WCSP (in review),855588,,"Monogr. Phan.","4: 19","","1883"
kew-2733565,A,Burseraceae,,Commiphora,,"longipedicellata",,"","Vollesen",Accepted,,M,WCSP (in review),855589,905887-1,"Kew Bull.","40: 69","","1985"
kew-2733567,A,Burseraceae,,Commiphora,,"lughensis",,"","Chiov.",Accepted,,M,WCSP (in review),855591,127717-1,"Fl. Somala","2: 105","","1932"
kew-2733568,A,Burseraceae,,Commiphora,,"madagascariensis",,"","Jacq.",Accepted,,M,WCSP (in review),855592,127719-1,"Pl. Hort. Schoenbr.","2: 66","","1797"
kew-2733569,A,Burseraceae,,Commiphora,,"mafaidoha",,"","H.Perrier",Accepted,,M,WCSP (in review),855593,127720-1,"Mém. Mus. Natl. Hist. Nat.","n.s., 18: 283","","1944"
kew-2733570,A,Burseraceae,,Commiphora,,"mahafaliensis",,"","Capuron",Accepted,,M,WCSP (in review),855594,127718-1,"Adansonia","n.s., 2: 276","","1962"
kew-2733571,A,Burseraceae,,Commiphora,,"marchandii",,"","Engl.",Accepted,,M,WCSP (in review),855595,127721-1,"Monogr. Phan.","4: 26","","1883"
kew-2733572,A,Burseraceae,,Commiphora,,"marlothii",,"","Engl.",Accepted,,M,WCSP (in review),855596,127722-1,"Bot. Jahrb. Syst.","44: 155","","1910"
kew-2733573,A,Burseraceae,,Commiphora,,"merkeri",,"","Engl.",Accepted,,M,WCSP (in review),855597,127723-1,"Bot. Jahrb. Syst.","44: 144","","1910"
kew-2733574,A,Burseraceae,,Commiphora,,"merkii",,"","Engl.",Accepted,,M,WCSP (in review),855598,127724-1,"Bot. Jahrb. Syst.","44: 144","","1910"
kew-2733575,A,Burseraceae,,Commiphora,,"microcarpa",,"","Chiov.",Accepted,,M,WCSP (in review),855599,127725-1,"Fl. Somala","2: 126","","1932"
kew-2733576,A,Burseraceae,,Commiphora,,"mildbraedii",,"","Engl.",Accepted,,M,WCSP (in review),855600,127726-1,"Bot. Jahrb. Syst.","44: 145","","1910"
kew-2733579,A,Burseraceae,,Commiphora,,"mollis",,"","(Oliv.) Engl.",Accepted,,M,WCSP (in review),855603,127728-1,"Monogr. Phan.","4: 23","","1883"
kew-2733583,A,Burseraceae,,Commiphora,,"mombassensis",,"","Engl.",Accepted,,M,WCSP (in review),855607,127732-1,"Bot. Jahrb. Syst.","26: 372","","1899"
kew-2733584,A,Burseraceae,,Commiphora,,"monoica",,"","Vollesen",Accepted,,M,WCSP (in review),855608,905888-1,"Kew Bull.","40: 62","","1985"
kew-2733585,A,Burseraceae,,Commiphora,,"monstruosa",,"","(H.Perrier) Capuron",Accepted,,M,WCSP (in review),855609,127733-1,"Adansonia","n.s., 2: 270","","1962"
kew-2733588,A,Burseraceae,,Commiphora,,"mossambicensis",,"","(Oliv.) Engl.",Accepted,,L,WCSP (in review),855612,127736-1,"Monogr. Phan.","4: 26","","1883"
kew-2733589,A,Burseraceae,,Commiphora,,"mossamedensis",,"","Mendes",Accepted,,M,WCSP (in review),855613,127737-1,"Bol. Soc. Brot.","II, 38: 138","","1964"
kew-2733590,A,Burseraceae,,Commiphora,,"mukul",,"","(Hook. ex Stocks) Engl.",Accepted,,M,WCSP (in review),855614,127738-1,"Monogr. Phan.","4: 12","","1883"
kew-2733591,A,Burseraceae,,Commiphora,,"mulelame",,"","(Hiern) K.Schum.",Accepted,,M,WCSP (in review),855615,127739-1,"Just's Bot. Jahresber.","27(1): 479","","1901"
kew-2733592,A,Burseraceae,,Commiphora,,"multifoliolata",,"","J.B.Gillett ex Thulin",Accepted,,M,WCSP (in review),855616,1018999-1,"Nordic J. Bot.","20: 407","","2000 publ. 2001"
kew-2733593,A,Burseraceae,,Commiphora,,"multijuga",,"","(Hiern) K.Schum.",Accepted,,M,WCSP (in review),855617,127740-1,"Just's Bot. Jahresber.","27(1): 480","","1901"
kew-2733594,A,Burseraceae,,Commiphora,,"murraywatsonii",,"","J.B.Gillett ex Thulin",Accepted,,M,WCSP (in review),855618,1019000-1,"Nordic J. Bot.","20: 408","","2000 publ. 2001"
kew-2733595,A,Burseraceae,,Commiphora,,"myrrha",,"","(Nees) Engl.",Accepted,,M,WCSP (in review),855619,127741-1,"Monogr. Phan.","4: 10","","1883"
kew-2733597,A,Burseraceae,,Commiphora,,"namaensis",,"","Schinz",Accepted,,M,WCSP (in review),855621,127742-1,"Bull. Herb. Boissier","II, 8: 633","","1908"
kew-2733599,A,Burseraceae,,Commiphora,,"neglecta",,"","Verd.",Accepted,,M,WCSP (in review),855623,127744-1,"Bothalia","6: 214","","1951"
kew-2733603,A,Burseraceae,,Commiphora,,"oblanceolata",,"","Schinz",Accepted,,M,WCSP (in review),855627,127748-1,"Bull. Herb. Boissier","II, 8: 633","","1908"
kew-2733604,A,Burseraceae,,Commiphora,,"oblongifolia",,"","J.B.Gillett",Accepted,,M,WCSP (in review),855628,958906-1,"in Fl. Trop. E. Afr.","Burserac.: 27","","1991"
kew-2733605,A,Burseraceae,,Commiphora,,"obovata",,"","Chiov.",Accepted,,M,WCSP (in review),855629,127749-1,"Bull. Misc. Inform. Kew","1941: 136","","1941"
kew-2733606,A,Burseraceae,,Commiphora,,"oddurensis",,"","Chiov.",Accepted,,M,WCSP (in review),855630,,"Fl. Somala","2: 71","","1932"
kew-2733607,A,Burseraceae,,Commiphora,,"ogadensis",,"","Chiov.",Accepted,,M,WCSP (in review),855631,127751-1,"Fl. Somala","2: 103","","1932"
kew-2733610,A,Burseraceae,,Commiphora,,"orbicularis",,"","Engl.",Accepted,,M,WCSP (in review),855634,127754-1,"Monogr. Phan.","4: 18","","1883"
kew-2733611,A,Burseraceae,,Commiphora,,"ornifolia",,"","(Balf.f.) J.B.Gillett",Accepted,,L,WCSP (in review),855635,127755-1,"Kew Bull.","34: 759","","1980"
kew-2606747,A,Burseraceae,,Commiphora,,"otjihipana",,"","Swanepoel",Accepted,,M,WCSP (in review),731251,77092790-1,"S. African J. Bot.","74: 623","","2008"
kew-2733613,A,Burseraceae,,Commiphora,,"ovalifolia",,"","J.B.Gillett",Accepted,,M,WCSP (in review),855637,958907-1,"in Fl. Trop. E. Afr.","Burserac.: 27","","1991"
kew-2733615,A,Burseraceae,,Commiphora,,"palmatifoliolata",,"","Chiov.",Accepted,,M,WCSP (in review),855639,127756-1,"Fl. Somala","2: 121","","1932"
kew-2733616,A,Burseraceae,,Commiphora,,"paolii",,"","Chiov.",Accepted,,M,WCSP (in review),855640,127757-1,"Res. Sci. Somalia Ital.","1: 46","","1916"
kew-2733617,A,Burseraceae,,Commiphora,,"parvifolia",,"","(Balf.f.) Engl.",Accepted,,M,WCSP (in review),855641,127758-1,"Monogr. Phan.","4: 536","","1883"
kew-2733618,A,Burseraceae,,Commiphora,,"pedunculata",,"","(Kotschy & Peyr.) Engl.",Accepted,,M,WCSP (in review),855642,127759-1,"Monogr. Phan.","4: 23","","1883"
kew-2733619,A,Burseraceae,,Commiphora,,"pervilleana",,"","Engl.",Accepted,,M,WCSP (in review),855643,127760-1,"Monogr. Phan.","4: 29","","1883"
kew-2733625,A,Burseraceae,,Commiphora,,"planifrons",,"","(Schweinf.) Engl.",Accepted,,M,WCSP (in review),855649,127763-1,"Monogr. Phan.","4: 536","","1883"
kew-2733626,A,Burseraceae,,Commiphora,,"playfairii",,"","(Hook.f.) Engl.",Accepted,,M,WCSP (in review),855650,127764-1,"Nat. Pflanzenfam.","3(4): 253","","1896"
kew-2733628,A,Burseraceae,,Commiphora,,"pruinosa",,"","Engl.",Accepted,,M,WCSP (in review),855652,127766-1,"Bot. Jahrb. Syst.","26: 368","","1899"
kew-2733629,A,Burseraceae,,Commiphora,,"pseudopaolii",,"","J.B.Gillett",Accepted,,M,WCSP (in review),855653,958909-1,"in Fl. Trop. E. Afr.","Burserac.: 83","","1991"
kew-2733630,A,Burseraceae,,Commiphora,,"pteleifolia",,"","Engl.",Accepted,,M,WCSP (in review),855654,127767-1,"Pflanzenw. Ost-Afrikas","C: 229","","1895"
kew-2733631,A,Burseraceae,,Commiphora,,"pterocarpa",,"","H.Perrier",Accepted,,M,WCSP (in review),855655,127768-1,"Mém. Mus. Natl. Hist. Nat.","n.s., 18: 282","","1944"
kew-2733635,A,Burseraceae,,Commiphora,,"pyracanthoides",,"","Engl.",Accepted,,M,WCSP (in review),855659,127772-1,"Bot. Jahrb. Syst.","26: 368","","1899"
kew-2733636,A,Burseraceae,,Commiphora,,"quadricincta",,"","Schweinf.",Accepted,,M,WCSP (in review),855660,127773-1,"Bull. Herb. Boissier","7(App. 2): 283","","1899"
kew-2733637,A,Burseraceae,,Commiphora,,"quercifoliola",,"","J.B.Gillett ex Thulin",Accepted,,M,WCSP (in review),855661,1018996-1,"Nordic J. Bot.","20: 402","","2000 publ. 2001"
kew-2733638,A,Burseraceae,,Commiphora,,"rangeana",,"","Engl.",Accepted,,M,WCSP (in review),855662,127774-1,"Bot. Jahrb. Syst.","44: 149","","1910"
kew-2733640,A,Burseraceae,,Commiphora,,"reghinii",,"","Chiov.",Accepted,,M,WCSP (in review),855664,127776-1,"Atti Reale Accad. Italia, Mem. Cl. Sci. Fis.","11: 23","","1940"
kew-2733650,A,Burseraceae,,Commiphora,,"rostrata",,"","Engl.",Accepted,,M,WCSP (in review),855674,127788-1,"Annuario Reale Ist. Bot. Roma","7: 17","","1897"
kew-2733651,A,Burseraceae,,Commiphora,,"rostrata",var.,"reflexa","(Chiov.) J.B.Gillett",Accepted,,L,WCSP (in review),855675,966731-1,"in Fl. Trop. E. Afr.","Burserac.: 15","","1991"
kew-2733658,A,Burseraceae,,Commiphora,,"ruquietiana",,"","Dinter & Engl.",Accepted,,M,WCSP (in review),855682,127795-1,"Bot. Jahrb. Syst.","48: 482","","1912"
kew-2733659,A,Burseraceae,,Commiphora,,"ruspolii",,"","Chiov.",Accepted,,M,WCSP (in review),855683,127796-1,"Fl. Somala","2: 116","","1932"
kew-2733662,A,Burseraceae,,Commiphora,,"samharensis",,"","Schweinf.",Accepted,,M,WCSP (in review),855686,127799-1,"Bull. Herb. Boissier","7(App. 2): 290","","1899"
kew-2733663,A,Burseraceae,,Commiphora,,"samharensis",subsp.,"terebinthina","(Vollesen) J.B.Gillett",Accepted,,L,WCSP (in review),855687,966735-1,"in Fl. Trop. E. Afr.","Burserac.: 40","","1991"
kew-2733664,A,Burseraceae,,Commiphora,,"sarandensis",,"","Burtt",Accepted,,M,WCSP (in review),855688,127800-1,"Bull. Misc. Inform. Kew","1935: 113","","1935"
kew-2733666,A,Burseraceae,,Commiphora,,"sarcopoda",,"","(Paul G.Wilson) Rzed. & R.Palacios",Accepted,,M,WCSP (in review),855690,274844-2,"Taxon","34: 209","","1985"
kew-2733668,A,Burseraceae,,Commiphora,,"saxicola",,"","Engl.",Accepted,,M,WCSP (in review),855692,127802-1,"Bot. Jahrb. Syst.","10: 283","","1889"
kew-2733671,A,Burseraceae,,Commiphora,,"schimperi",,"","(O.Bergman) Engl.",Accepted,,M,WCSP (in review),855695,127805-1,"Monogr. Phan.","4: 13","","1883"
kew-2733672,A,Burseraceae,,Commiphora,,"schlechteri",,"","Engl.",Accepted,,M,WCSP (in review),855696,127806-1,"Bot. Jahrb. Syst.","26: 372","","1899"
kew-2733673,A,Burseraceae,,Commiphora,,"schultzei",,"","Engl.",Accepted,,M,WCSP (in review),855697,127807-1,"Bot. Jahrb. Syst.","44: 151","","1910"
kew-2733675,A,Burseraceae,,Commiphora,,"sennii",,"","Chiov.",Accepted,,M,WCSP (in review),855699,127809-1,"Fl. Somala","2: 74","","1932"
kew-2733676,A,Burseraceae,,Commiphora,,"serrata",,"","Engl.",Accepted,,M,WCSP (in review),855700,127810-1,"Monogr. Phan.","4: 24","","1883"
kew-2733677,A,Burseraceae,,Commiphora,,"serrulata",,"","Engl.",Accepted,,M,WCSP (in review),855701,127811-1,"Bot. Jahrb. Syst.","15: 96","","1893"
kew-2733678,A,Burseraceae,,Commiphora,,"sessiliflora",,"","Vollesen",Accepted,,M,WCSP (in review),855702,905889-1,"Kew Bull.","40: 71","","1985"
kew-2733679,A,Burseraceae,,Commiphora,,"setulifera",,"","Chiov. ex Guid.",Accepted,,M,WCSP (in review),855703,127812-1,"Rivista Ital. Essenze Profumi","13: 233","","1931"
kew-2733681,A,Burseraceae,,Commiphora,,"simplicifolia",,"","Schweinf.",Accepted,,M,WCSP (in review),855705,127814-1,"Bull. Misc. Inform. Kew","1896: 90","","1896"
kew-2733683,A,Burseraceae,,Commiphora,,"sinuata",,"","H.Perrier",Accepted,,M,WCSP (in review),855707,127816-1,"Mém. Mus. Natl. Hist. Nat.","n.s., 18: 275","","1944"
kew-2733684,A,Burseraceae,,Commiphora,,"socotrana",,"","(Balf.f.) Engl.",Accepted,,L,WCSP (in review),855708,127817-1,"Monogr. Phan.","4: 536","","1883"
kew-2733685,A,Burseraceae,,Commiphora,,"somalensis",,"","Engl.",Accepted,,M,WCSP (in review),855709,127818-1,"Bot. Jahrb. Syst.","15: 96","","1893"
kew-2733686,A,Burseraceae,,Commiphora,,"spathulata",,"","Mattick",Accepted,,M,WCSP (in review),855710,127819-1,"Notizbl. Bot. Gart. Berlin-Dahlem","12: 661","","1935"
kew-2733687,A,Burseraceae,,Commiphora,,"spathulifoliolata",,"","Engl.",Accepted,,M,WCSP (in review),855711,127820-1,"Bot. Jahrb. Syst.","19: 140","","1894"
kew-2733688,A,Burseraceae,,Commiphora,,"sphaerocarpa",,"","Chiov.",Accepted,,M,WCSP (in review),855712,127821-1,"Res. Sci. Somalia Ital.","1: 48","","1916"
kew-2733689,A,Burseraceae,,Commiphora,,"sphaerophylla",,"","Chiov.",Accepted,,M,WCSP (in review),855713,127822-1,"Fl. Somala","2: 119","","1932"
kew-2733691,A,Burseraceae,,Commiphora,,"spinulosa",,"","J.B.Gillett ex Thulin",Accepted,,M,WCSP (in review),855715,1018995-1,"Nordic J. Bot.","20: 399","","2000 publ. 2001"
kew-2733693,A,Burseraceae,,Commiphora,,"staphyleifolia",,"","Chiov.",Accepted,,M,WCSP (in review),855717,,"Fl. Somala","2: 97","","1932"
kew-2733694,A,Burseraceae,,Commiphora,,"stellatopubescens",,"","J.B.Gillett ex Thulin",Accepted,,M,WCSP (in review),855718,1018993-1,"Nordic J. Bot.","20: 397","","2000 publ. 2001"
kew-2733695,A,Burseraceae,,Commiphora,,"stellulata",,"","H.Perrier",Accepted,,M,WCSP (in review),855719,127825-1,"Mém. Mus. Natl. Hist. Nat.","n.s., 18: 278","","1944"
kew-2604031,A,Burseraceae,,Commiphora,,"steynii",,"","Swanepoel",Accepted,,M,WCSP (in review),728700,77079438-1,"Bothalia","36: 45","","2006"
kew-2733696,A,Burseraceae,,Commiphora,,"stocksiana",,"","(Engl.) Engl.",Accepted,,M,WCSP (in review),855720,127826-1,"Monogr. Phan.","4: 17","","1883"
kew-2733697,A,Burseraceae,,Commiphora,,"stolonifera",,"","Burtt",Accepted,,M,WCSP (in review),855721,127827-1,"Bull. Misc. Inform. Kew","1935: 114","","1935"
kew-2733704,A,Burseraceae,,Commiphora,,"sulcata",,"","Chiov.",Accepted,,M,WCSP (in review),855728,127834-1,"Fl. Somala","1: 123","","1929"
kew-2733705,A,Burseraceae,,Commiphora,,"swynnertonii",,"","Burtt",Accepted,,M,WCSP (in review),855729,127835-1,"Bull. Misc. Inform. Kew","1935: 115","","1935"
kew-2733707,A,Burseraceae,,Commiphora,,"tecomaca",,"","(DC.) Rzed. & R.Palacios",Accepted,,M,WCSP (in review),855731,274845-2,"Taxon","34: 210","","1985"
kew-2733708,A,Burseraceae,,Commiphora,,"tenuipetiolata",,"","Engl.",Accepted,,M,WCSP (in review),855732,127837-1,"Bot. Jahrb. Syst.","48: 483","","1912"
kew-2733709,A,Burseraceae,,Commiphora,,"tenuis",,"","Vollesen",Accepted,,M,WCSP (in review),855733,905890-1,"Kew Bull.","40: 48","","1985"
kew-2733710,A,Burseraceae,,Commiphora,,"tephrodes",,"","Chiov.",Accepted,,M,WCSP (in review),855734,127838-1,"Atti Reale Accad. Italia, Mem. Cl. Sci. Fis.","11: 23","","1940"
kew-2733712,A,Burseraceae,,Commiphora,,"tetramera",,"","Engl.",Accepted,,M,WCSP (in review),855736,127839-1,"Monogr. Phan.","4: 27","","1883"
kew-2733718,A,Burseraceae,,Commiphora,,"truncata",,"","Engl.",Accepted,,M,WCSP (in review),855742,127845-1,"Bot. Jahrb. Syst.","34: 309","","1904"
kew-2733719,A,Burseraceae,,Commiphora,,"tsimanampetsae",,"","Capuron",Accepted,,M,WCSP (in review),855743,127846-1,"Adansonia","n.s., 2: 275","","1962"
kew-2733721,A,Burseraceae,,Commiphora,,"ugogensis",,"","Engl.",Accepted,,M,WCSP (in review),855745,127848-1,"Bot. Jahrb. Syst.","34: 314","","1904"
kew-2733722,A,Burseraceae,,Commiphora,,"ulugurensis",,"","Engl.",Accepted,,M,WCSP (in review),855746,127849-1,"Nat. Pflanzenfam.","3(4): 255","","1896"
kew-2733723,A,Burseraceae,,Commiphora,,"unilobata",,"","J.B.Gillett & Vollesen",Accepted,,M,WCSP (in review),855747,905892-1,"Kew Bull.","40: 73","","1985"
kew-2733724,A,Burseraceae,,Commiphora,,"velutina",,"","Chiov.",Accepted,,M,WCSP (in review),855748,127850-1,"Res. Sci. Somalia Ital.","1: 47","","1916"
kew-2733726,A,Burseraceae,,Commiphora,,"virgata",,"","Engl.",Accepted,,M,WCSP (in review),855750,127852-1,"Bot. Jahrb. Syst.","19: 139","","1894"
kew-2733729,A,Burseraceae,,Commiphora,,"wightii",,"","(Arn.) Bhandari",Accepted,,M,WCSP (in review),855753,127856-1,"Bull. Bot. Surv. India","6: 327","","1965"
kew-2733730,A,Burseraceae,,Commiphora,,"wildii",,"","Merxm.",Accepted,,M,WCSP (in review),855754,127857-1,"Mitt. Bot. Staatssamml. München","3: 609","","1960"
kew-2733731,A,Burseraceae,,Commiphora,,"woodii",,"","Engl.",Accepted,,M,WCSP (in review),855755,127858-1,"Bot. Jahrb. Syst.","15: 97","","1893"
kew-2733732,A,Burseraceae,,Commiphora,,"zanzibarica",,"","(Baill.) Engl.",Accepted,,M,WCSP (in review),855756,127859-1,"Monogr. Phan.","4: 28","","1883"
kew-2742725,A,Burseraceae,,Crepidospermum,,"atlanticum",,"","Daly",Accepted,,M,WCSP (in review),864713,324374-2,"Kew Bull.","57: 471","","2002"
kew-2742726,A,Burseraceae,,Crepidospermum,,"cuneifolium",,"","(Cuatrec.) Daly",Accepted,,M,WCSP (in review),864714,275282-2,"Brittonia","39: 55","","1987"
kew-2742727,A,Burseraceae,,Crepidospermum,,"goudotianum",,"","(Tul.) Triana & Planch.",Accepted,,M,WCSP (in review),864715,127861-1,"Ann. Sci. Nat., Bot.","V, 14: 300","","1872"
kew-2742729,A,Burseraceae,,Crepidospermum,,"multijugum",,"","Swart",Accepted,,M,WCSP (in review),864717,69310-2,"Recueil Trav. Bot. Néerl.","39: 205","","1942"
kew-2742730,A,Burseraceae,,Crepidospermum,,"prancei",,"","Daly",Accepted,,M,WCSP (in review),864718,275283-2,"Brittonia","39: 56","","1987"
kew-2742731,A,Burseraceae,,Crepidospermum,,"rhoifolium",,"","(Benth.) Triana & Planch.",Accepted,,M,WCSP (in review),864719,127864-1,"Ann. Sci. Nat., Bot.","V, 14: 300","","1872"
kew-2755101,A,Burseraceae,,Dacryodes,,"acutipyrena",,"","Cuatrec.",Accepted,,M,WCSP (in review),876525,75716-2,"Revista Acad. Colomb. Ci. Exact.","8: 474","","1952"
kew-2755104,A,Burseraceae,,Dacryodes,,"bampsiana",,"","Pierlot",Accepted,,M,WCSP (in review),876528,996605-1,"Bull. Jard. Bot. Natl. Belg.","65: 366","","1996"
kew-2755106,A,Burseraceae,,Dacryodes,,"belemensis",,"","Cuatrec.",Accepted,,M,WCSP (in review),876530,75717-2,"Trop. Woods","106: 58","","1957"
kew-2755107,A,Burseraceae,,Dacryodes,,"breviracemosa",,"","Kalkman",Accepted,,M,WCSP (in review),876531,127871-1,"Blumea","7: 511","","1954"
kew-2755108,A,Burseraceae,,Dacryodes,,"buettneri",,"","(Engl.) H.J.Lam",Accepted,,M,WCSP (in review),876532,127872-1,"Ann. Jard. Bot. Buitenzorg","42: 202","","1932"
kew-2604128,A,Burseraceae,,Dacryodes,,"camerunensis",,"","Onana",Accepted,,M,WCSP (in review),728785,77075903-1,"Kew Bull.","61: 579","","2007"
kew-2755109,A,Burseraceae,,Dacryodes,,"chimantensis",,"","Steyerm. & Maguire",Accepted,,M,WCSP (in review),876533,75718-2,"Mem. New York Bot. Gard.","17(1): 445","","1967"
kew-2755110,A,Burseraceae,,Dacryodes,,"colombiana",,"","Cuatrec.",Accepted,,M,WCSP (in review),876534,75719-2,"Webbia","12: 435","","1957"
kew-2755111,A,Burseraceae,,Dacryodes,,"costanensis",,"","Steyerm.",Accepted,,M,WCSP (in review),876535,75720-2,"Acta Bot. Venez.","10: 235","","1975 publ. 1976"
kew-2755112,A,Burseraceae,,Dacryodes,,"costata",,"","(A.W.Benn.) H.J.Lam",Accepted,,L,WCSP (in review),876536,127876-1,"Ann. Jard. Bot. Buitenzorg","42: 204","","1932"
kew-2755113,A,Burseraceae,,Dacryodes,,"crassipes",,"","Kalkman",Accepted,,M,WCSP (in review),876537,127877-1,"Blumea","7: 516","","1954"
kew-2755114,A,Burseraceae,,Dacryodes,,"cupularis",,"","Cuatrec.",Accepted,,M,WCSP (in review),876538,75721-2,"Trop. Woods","106: 55","","1957"
kew-2755115,A,Burseraceae,,Dacryodes,,"cuspidata",,"","(Cuatrec.) Daly",Accepted,,M,WCSP (in review),876539,275635-2,"Brittonia","41: 25","","1989"
kew-2755117,A,Burseraceae,,Dacryodes,,"dungii",,"","Than & Yakovlev",Accepted,,M,WCSP (in review),876541,,"Novosti Sist. Vyssh. Rast.","22: 146","","1985"
kew-2755118,A,Burseraceae,,Dacryodes,,"ebatom",,"","Aubrév. & Pellegr.",Accepted,,M,WCSP (in review),876542,127881-1,"in Fl. Gabon","3: 89","","1962"
kew-2755119,A,Burseraceae,,Dacryodes,,"edilsonii",,"","Daly",Accepted,,M,WCSP (in review),876543,60439131-2,"Brittonia","57: 118","","2005"
kew-2755120,A,Burseraceae,,Dacryodes,,"edulis",,"","(G.Don) H.J.Lam",Accepted,,M,WCSP (in review),876544,127880-1,"Ann. Jard. Bot. Buitenzorg","42: 202","","1932"
kew-2755122,A,Burseraceae,,Dacryodes,,"elmeri",,"","H.J.Lam",Accepted,,M,WCSP (in review),876546,127882-1,"Ann. Jard. Bot. Buitenzorg","42: 203","","1932"
kew-2755123,A,Burseraceae,,Dacryodes,,"excelsa",,"","Vahl",Accepted,,M,WCSP (in review),876547,127883-1,"Kongel. Danske Vidensk. Selsk. Skr.","6: 116","","1810"
kew-2755124,A,Burseraceae,,Dacryodes,,"expansa",,"","(Ridl.) H.J.Lam",Accepted,,M,WCSP (in review),876548,127884-1,"Ann. Jard. Bot. Buitenzorg","42: 204","","1932"
kew-2755127,A,Burseraceae,,Dacryodes,,"fraxinifolia",,"","(Engl.) H.J.Lam",Accepted,,L,WCSP (in review),876551,127887-1,"Ann. Jard. Bot. Buitenzorg","42: 202","","1932"
kew-2755129,A,Burseraceae,,Dacryodes,,"glabra",,"","(Steyerm.) Cuatrec.",Accepted,,M,WCSP (in review),876553,75722-2,"Trop. Woods","106: 59","","1957"
kew-2755130,A,Burseraceae,,Dacryodes,,"granatensis",,"","Cuatrec.",Accepted,,M,WCSP (in review),876554,75723-2,"Revista Acad. Colomb. Ci. Exact.","8: 473","","1952"
kew-2755131,A,Burseraceae,,Dacryodes,,"heterotricha",,"","(Pell.) H.J.Lam",Accepted,,M,WCSP (in review),876555,127891-1,"Ann. Jard. Bot. Buitenzorg","42: 202","","1932"
kew-2755133,A,Burseraceae,,Dacryodes,,"igaganga",,"","Aubrév. & Pellegr.",Accepted,,M,WCSP (in review),876557,127893-1,"in Fl. Gabon","3: 86","","1962"
kew-2755134,A,Burseraceae,,Dacryodes,,"incurvata",,"","(Engl.) H.J.Lam",Accepted,,M,WCSP (in review),876558,127894-1,"Ann. Jard. Bot. Buitenzorg","42: 204","","1932"
kew-2755135,A,Burseraceae,,Dacryodes,,"kingii",,"","(Engl.) Kalkman",Accepted,,L,WCSP (in review),876559,127895-1,"in Fl. Males.","5: 224","","1956"
kew-2755136,A,Burseraceae,,Dacryodes,,"klaineana",,"","(Pierre) H.J.Lam",Accepted,,L,WCSP (in review),876560,127896-1,"Ann. Jard. Bot. Buitenzorg","42: 202","","1932"
kew-2755138,A,Burseraceae,,Dacryodes,,"kostermansii",,"","Kalkman",Accepted,,M,WCSP (in review),876562,127897-1,"Blumea","7: 515","","1954"
kew-2755139,A,Burseraceae,,Dacryodes,,"kukachkana",,"","L.O.Williams",Accepted,,M,WCSP (in review),876563,75725-2,"Fieldiana, Bot.","31: 251","","1967"
kew-2755140,A,Burseraceae,,Dacryodes,,"laxa",,"","(A.W.Benn.) H.J.Lam",Accepted,,M,WCSP (in review),876564,127899-1,"Ann. Jard. Bot. Buitenzorg","42: 204","","1932"
kew-2755143,A,Burseraceae,,Dacryodes,,"le-testui",,"","(Pell.) H.J.Lam",Accepted,,M,WCSP (in review),876567,127901-1,"Ann. Jard. Bot. Buitenzorg","42: 202","","1932"
kew-2755141,A,Burseraceae,,Dacryodes,,"ledermannii",,"","(Engl.) H.J.Lam",Accepted,,L,WCSP (in review),876565,127900-1,"Ann. Jard. Bot. Buitenzorg","42: 202","","1932"
kew-2755142,A,Burseraceae,,Dacryodes,,"leonardiana",,"","Pierlot",Accepted,,M,WCSP (in review),876566,996604-1,"Bull. Jard. Bot. Natl. Belg.","65: 363","","1996"
kew-2755144,A,Burseraceae,,Dacryodes,,"longifolia",,"","(King) H.J.Lam",Accepted,,L,WCSP (in review),876568,127902-1,"Ann. Jard. Bot. Buitenzorg","42: 202","","1932"
kew-2755146,A,Burseraceae,,Dacryodes,,"macrocarpa",,"","(King) H.J.Lam",Accepted,,L,WCSP (in review),876570,127903-1,"Ann. Jard. Bot. Buitenzorg","42: 203","","1932"
kew-2755149,A,Burseraceae,,Dacryodes,,"macrophylla",,"","(Oliv.) H.J.Lam",Accepted,,M,WCSP (in review),876573,127904-1,"Ann. Jard. Bot. Buitenzorg","42: 202","","1932"
kew-2755150,A,Burseraceae,,Dacryodes,,"microcarpa",,"","Cuatrec.",Accepted,,M,WCSP (in review),876574,75726-2,"Trop. Woods","106: 60","","1957"
kew-2755152,A,Burseraceae,,Dacryodes,,"multijuga",,"","Leenh.",Accepted,,M,WCSP (in review),876576,127906-1,"in Fl. Males.","7: 821","","1976"
kew-2755153,A,Burseraceae,,Dacryodes,,"negrensis",,"","Daly & M.C.Martínez",Accepted,,M,WCSP (in review),876577,326810-2,"Brittonia","54: 268","","2002 publ. 2003"
kew-2755154,A,Burseraceae,,Dacryodes,,"nervosa",,"","(H.J.Lam) Leenh.",Accepted,,L,WCSP (in review),876578,127907-1,"Blumea","12: 19","","1963"
kew-2755155,A,Burseraceae,,Dacryodes,,"nitens",,"","Cuatrec.",Accepted,,M,WCSP (in review),876579,75728-2,"Trop. Woods","106: 64","","1957"
kew-2755156,A,Burseraceae,,Dacryodes,,"normandii",,"","Aubrév. & Pellegr.",Accepted,,M,WCSP (in review),876580,127909-1,"in Fl. Gabon","3: 72","","1962"
kew-2755157,A,Burseraceae,,Dacryodes,,"occidentalis",,"","Cuatrec.",Accepted,,M,WCSP (in review),876581,75729-2,"Revista Acad. Colomb. Ci. Exact.","8: 474","","1952"
kew-2755158,A,Burseraceae,,Dacryodes,,"olivifera",,"","Cuatrec.",Accepted,,M,WCSP (in review),876582,75730-2,"Revista Acad. Colomb. Ci. Exact.","8: 473","","1952"
kew-2755159,A,Burseraceae,,Dacryodes,,"osika",,"","(Guillaumin) H.J.Lam",Accepted,,L,WCSP (in review),876583,127912-1,"Ann. Jard. Bot. Buitenzorg","42: 202","","1932"
kew-2755160,A,Burseraceae,,Dacryodes,,"papuana",,"","Husson",Accepted,,M,WCSP (in review),876584,127913-1,"Blumea","7: 167","","1952"
kew-2755161,A,Burseraceae,,Dacryodes,,"paraensis",,"","Cuatrec.",Accepted,,M,WCSP (in review),876585,75731-2,"Trop. Woods","106: 57","","1957"
kew-2755162,A,Burseraceae,,Dacryodes,,"patentinervia",,"","(Leenh.) P.S.Ashton",Accepted,,M,WCSP (in review),876586,20012377-1,"Gard. Bull. Singapore","54: 211","","2002"
kew-2755163,A,Burseraceae,,Dacryodes,,"peruviana",,"","(Loes.) H.J.Lam",Accepted,,M,WCSP (in review),876587,75732-2,"Ann. Jard. Bot. Buitenzorg","42: 202","","1932"
kew-2755165,A,Burseraceae,,Dacryodes,,"puberula",,"","(A.W.Benn.) H.J.Lam",Accepted,,L,WCSP (in review),876589,127917-1,"Ann. Jard. Bot. Buitenzorg","42: 204","","1932"
kew-2755166,A,Burseraceae,,Dacryodes,,"pubescens",,"","(Vermoesen) H.J.Lam",Accepted,,L,WCSP (in review),876590,127918-1,"Ann. Jard. Bot. Buitenzorg","42: 202","","1932"
kew-2755167,A,Burseraceae,,Dacryodes,,"roraimensis",,"","Cuatrec.",Accepted,,M,WCSP (in review),876591,75734-2,"Trop. Woods","106: 62","","1957"
kew-2755168,A,Burseraceae,,Dacryodes,,"rostrata",,"","(Blume) H.J.Lam",Accepted,,M,WCSP (in review),876592,127920-1,"Ann. Jard. Bot. Buitenzorg","42: 50","","1931"
kew-2755173,A,Burseraceae,,Dacryodes,,"rubiginosa",,"","(A.W.Benn.) H.J.Lam",Accepted,,M,WCSP (in review),876597,127921-1,"Ann. Jard. Bot. Buitenzorg","42: 204","","1932"
kew-2755174,A,Burseraceae,,Dacryodes,,"rugosa",,"","(Blume) H.J.Lam",Accepted,,M,WCSP (in review),876598,127922-1,"Ann. Jard. Bot. Buitenzorg","42: 203","","1932"
kew-2755175,A,Burseraceae,,Dacryodes,,"rugosa",var.,"virgata","(Blume) H.J.Lam",Accepted,,L,WCSP (in review),876599,,"Ann. Jard. Bot. Buitenzorg","42: 203","","1932"
kew-2755177,A,Burseraceae,,Dacryodes,,"sclerophylla",,"","Cuatrec.",Accepted,,M,WCSP (in review),876601,75735-2,"Trop. Woods","106: 63","","1957"
kew-2755178,A,Burseraceae,,Dacryodes,,"steyermarkii",,"","Sandwith",Accepted,,M,WCSP (in review),876602,75736-2,"Bol. Soc. Venez. Ci. Nat.","26: 422","","1966"
kew-2755179,A,Burseraceae,,Dacryodes,,"tessmannii",,"","(Engl.) H.J.Lam",Accepted,,L,WCSP (in review),876603,127926-1,"Ann. Jard. Bot. Buitenzorg","42: 202","","1932"
kew-2755180,A,Burseraceae,,Dacryodes,,"trapnellii",,"","Onana",Accepted,,M,WCSP (in review),876604,20012029-1,"Kew Bull.","58: 219","","2003"
kew-2755182,A,Burseraceae,,Dacryodes,,"trinitensis",,"","Sandwith",Accepted,,M,WCSP (in review),876606,75737-2,"Ann. Missouri Bot. Gard.","52: 436","","1965"
tro-50258760,A,Burseraceae,,Elaphrium,,"morelensis",,"","(Ramirez) Rose",Accepted,,M,TRO,50258760,89437-2,"N. Amer. Fl.","25: 250","250","1911"
kew-2817298,A,Burseraceae,,Garuga,,"floribunda",,"","Decne.",Accepted,,M,WCSP (in review),936576,128051-1,"Nouv. Ann. Mus. Hist. Nat.","3: 477","","1834"
kew-2817299,A,Burseraceae,,Garuga,,"floribunda",var.,"gamblei","(King ex W.W.Sm.) Kalkman",Accepted,,L,WCSP (in review),936577,,"Blumea","7: 466","","1953"
kew-2817300,A,Burseraceae,,Garuga,,"forrestii",,"","W.W.Sm.",Accepted,,M,WCSP (in review),936578,128052-1,"Notes Roy. Bot. Gard. Edinburgh","13: 162","","1921"
kew-2817311,A,Burseraceae,,Garuga,,"pierrei",,"","Guillaumin",Accepted,,M,WCSP (in review),936589,128064-1,"Rev. Gén. Bot.","19: 164","","1907"
kew-2817312,A,Burseraceae,,Garuga,,"pinnata",,"","Roxb.",Accepted,,M,WCSP (in review),936590,,"Pl. Coromandel","3: 5","","1811"
kew-2839273,A,Burseraceae,,Haplolobus,,"floribundus",,"","(K.Schum.) H.J.Lam",Accepted,,L,WCSP (in review),958410,128079-1,"Ann. Jard. Bot. Buitenzorg","42: 207","","1932"
kew-2839277,A,Burseraceae,,Haplolobus,,"floribundus",subsp.,"salomonensis","(C.T.White) Leenh.",Accepted,,L,WCSP (in review),958414,875035-1,"Blumea","20: 298","","1972 publ. 1973"
kew-2412415,A,Burseraceae,,Protium,,"altsonii",,"","Sandwith",Accepted,,M,WCSP (in review),541475,210488-2,"Bull. Misc. Inform. Kew","1928: 369","","1928"
kew-2412414,A,Burseraceae,,Protium,,"amazonicum",,"","(Cuatrec.) Daly",Accepted,,M,WCSP (in review),541474,1063489-2,"Fl. Venezuelan Guayana","3: 713","","1997"
tro-4700081,A,Burseraceae,,Protium,,"amplum",,"","Cuatrec.",Accepted,,M,TRO,4700081,210489-2,"Revista Acad. Colomb. Ci. Exact.","8: 471","471","1952"
kew-2412410,A,Burseraceae,,Protium,,"apiculatum",,"","Swart",Accepted,,M,WCSP (in review),541470,210491-2,"Recueil Trav. Bot. Néerl.","39: 201","","1942"
kew-2412396,A,Burseraceae,,Protium,,"aracouchini",,"","Marchand",Accepted,,M,WCSP (in review),541456,,"Adansonia","8: 51","","1867"
kew-2412408,A,Burseraceae,,Protium,,"araguense",,"","Cuatrec.",Accepted,,M,WCSP (in review),541468,210493-2,"Bol. Soc. Venez. Ci. Nat.","17: 94","","1956"
tro-4700182,A,Burseraceae,,Protium,,"beandou",,"","L. Marchand ex Engl.",Accepted,,M,TRO,4700182,,"Monogr. Phan.","4: 92","92","1883"
kew-2412096,A,Burseraceae,,Protium,,"boomii",,"","Daly",Accepted,,M,WCSP (in review),541155,300348-2,"Bol. Mus. Paraense ""Emilio Goeldi"", N.S., Bot.","7: 255","","1991"
kew-2412093,A,Burseraceae,,Protium,,"calanense",,"","Cuatrec.",Accepted,,M,WCSP (in review),541152,210507-2,"Revista Acad. Colomb. Ci. Exact.","8: 471","","1952"
kew-2608391,A,Burseraceae,,Protium,,"calendulinum",,"","Daly",Accepted,,M,WCSP (in review),732790,60446820-2,"Brittonia","59: 3","","2007"
kew-2412194,A,Burseraceae,,Protium,,"carana",,"","Marchand",Accepted,,M,WCSP (in review),541253,128295-1,"Adansonia","8: 51","","1867"
tro-4700091,A,Burseraceae,,Protium,,"carnosum",,"","A.C. Sm.",Accepted,,M,TRO,4700091,210508-2,"Brittonia","2: 153","153","1936"
kew-2412145,A,Burseraceae,,Protium,,"carolense",,"","Daly",Accepted,,M,WCSP (in review),541204,305971-2,"Brittonia","44: 285","","1992"
tro-4700093,A,Burseraceae,,Protium,,"colombianum",,"","Cuatrec.",Accepted,,M,TRO,4700093,210509-2,"Revista Acad. Colomb. Ci. Exact.","8: 468","468","1952"
tro-4700269,A,Burseraceae,,Protium,,"confusum",,"","(Rose) Pittier",Accepted,,M,TRO,4700269,210510-2,"Contr. U.S. Natl. Herb.","20(12): 479","479","1922"
tro-4700094,A,Burseraceae,,Protium,,"copal",,"","(Schltdl. & Cham.) Engl.",Accepted,,M,TRO,4700094,1101657-2,"Monogr. Phan.","4: 83-84","83","1883"
tro-4700234,A,Burseraceae,,Protium,,"costaricense",,"","(Rose) Engl.",Accepted,,M,TRO,4700234,210517-2,"Nat. Pflanzenfam. (ed. 2)","19a: 414","414","1931"
kew-2412247,A,Burseraceae,,Protium,,"crassipetalum",,"","Cuatrec.",Accepted,,M,WCSP (in review),541306,210520-2,"Webbia","12: 399","","1957"
kew-2412232,A,Burseraceae,,Protium,,"crenatum",,"","Sandwith",Accepted,,M,WCSP (in review),541291,210521-2,"Bull. Misc. Inform. Kew","1933: 327","","1933"
tro-50297851,A,Burseraceae,,Protium,,"cubense",,"","(Rose) Urb.",Accepted,,M,TRO,50297851,210522-2,"Symb. Antill.","7: 240","240","1912"
kew-2412229,A,Burseraceae,,Protium,,"cuneatum",,"","Swart",Accepted,,M,WCSP (in review),541288,210524-2,"Recueil Trav. Bot. Néerl.","39: 191","","1942"
kew-2412227,A,Burseraceae,,Protium,,"dawsonii",,"","Cuatrec.",Accepted,,M,WCSP (in review),541286,210526-2,"Los Angeles County Mus. Contr. Sci.","30: 4","","1959"
kew-2412226,A,Burseraceae,,Protium,,"decandrum",,"","(Aubl.) Marchand",Accepted,,M,WCSP (in review),541285,128316-1,"Adansonia","8: 51","","1867"
kew-2412224,A,Burseraceae,,Protium,,"divaricatum",,"","Engl.",Accepted,,M,WCSP (in review),541283,128318-1,"Fl. Bras.","12(2): 279","","1874"
tro-4700430,A,Burseraceae,,Protium,,"divaricatum",subsp.,"krukoffii","(Swart) D.C. Daly",Accepted,,L,TRO,4700430,1076461-2,"Brittonia","","",""
kew-2412272,A,Burseraceae,,Protium,,"dusenii",,"","Swart",Accepted,,M,WCSP (in review),541331,210534-2,"Acta Bot. Neerl.","15: 47","","1966"
tro-4700105,A,Burseraceae,,Protium,,"ecuadorense",,"","Benoist",Accepted,,M,TRO,4700105,210535-2,"Bull. Soc. Bot. France","81: 324","324","1934"
kew-2412270,A,Burseraceae,,Protium,,"elegans",,"","Engl.",Accepted,,M,WCSP (in review),541329,128322-1,"Fl. Bras.","12(2): 273","","1874"
kew-2412269,A,Burseraceae,,Protium,,"ferrugineum",,"","(Engl.) Engl.",Accepted,,M,WCSP (in review),541328,128323-1,"Monogr. Phan.","4: 79","","1883"
kew-2412264,A,Burseraceae,,Protium,,"giganteum",,"","Engl.",Accepted,,M,WCSP (in review),541323,128327-1,"Fl. Bras.","12(2): 277","","1874"
tro-50212707,A,Burseraceae,,Protium,,"giganteum",var.,"crassifolium","(Engl.) D.C. Daly",Accepted,,L,TRO,50212707,1184082-2,"Brittonia","44(3): 296","296","1992"
tro-4700218,A,Burseraceae,,Protium,,"glabrescens",,"","Swart",Accepted,,M,TRO,4700218,210542-2,"Recueil Trav. Bot. Néerl.","39: 194","194","1942"
tro-4700235,A,Burseraceae,,Protium,,"glabrum",,"","(Rose) Engl.",Accepted,,M,TRO,4700235,210543-2,"Nat. Pflanzenfam. (ed. 2)","19a: 414","414","1931"
tro-4700111,A,Burseraceae,,Protium,,"glaucum",,"","J.F. Macbr.",Accepted,,M,TRO,4700111,210545-2,"Candollea","5: 379","379","1934"
kew-2412255,A,Burseraceae,,Protium,,"grandifolium",,"","Engl.",Accepted,,M,WCSP (in review),541314,128335-1,"Fl. Bras.","12(2): 269","","1874"
kew-2412253,A,Burseraceae,,Protium,,"guianense",,"","(Aubl.) Marchand",Accepted,,M,WCSP (in review),541312,128337-1,"Adansonia","8: 52","","1867"
tro-50162843,A,Burseraceae,,Protium,,"guianense",subsp.,"pilosissimum","(Engl.) D.C. Daly",Accepted,,L,TRO,50162843,,"","","",""
kew-2412252,A,Burseraceae,,Protium,,"heptaphyllum",,"","(Aubl.) Marchand",Accepted,,M,WCSP (in review),541311,128338-1,"Vidensk. Meddel. Naturhist. Foren. Kjøbenhavn","1873: 55","","1873"
tro-50216296,A,Burseraceae,,Protium,,"heptaphyllum",subsp.,"cordatum","(Huber) D.C. Daly",Accepted,,L,TRO,50216296,1126157-2,"Brittonia","44(3): 298","298","1992"
kew-2412250,A,Burseraceae,,Protium,,"heptaphyllum",subsp.,"ulei","(Swart) Daly",Accepted,,L,WCSP (in review),541309,1009695-2,"Fl. Venezuelan Guayana","3: 716","","1997"
kew-2412209,A,Burseraceae,,Protium,,"icicariba",,"","(DC.) Marchand",Accepted,,M,WCSP (in review),541268,128340-1,"Adansonia","8: 52","","1867"
tro-50264369,A,Burseraceae,,Protium,,"kleinii",,"","Cuatrec.",Accepted,,M,TRO,50264369,210564-2,"Sellowia","13: 261","261","1961"
tro-4700119,A,Burseraceae,,Protium,,"klugii",,"","J.F. Macbr.",Accepted,,M,TRO,4700119,210565-2,"Candollea","5: 378","378","1934"
tro-4700120,A,Burseraceae,,Protium,,"krukoffii",,"","Swart",Accepted,,M,TRO,4700120,210566-2,"Recueil Trav. Bot. Néerl.","39: 193","193","1942"
kew-2412185,A,Burseraceae,,Protium,,"laxiflorum",,"","Engl.",Accepted,,M,WCSP (in review),541244,128349-1,"Fl. Bras.","12(2): 275","","1874"
kew-2412184,A,Burseraceae,,Protium,,"leptostachyum",,"","Cuatrec.",Accepted,,M,WCSP (in review),541243,210569-2,"Webbia","12: 391","","1957"
kew-2412170,A,Burseraceae,,Protium,,"llanorum",,"","Cuatrec.",Accepted,,M,WCSP (in review),541229,210570-2,"Revista Acad. Colomb. Ci. Exact.","8: 469","","1952"
tro-4700606,A,Burseraceae,,Protium,,"macgregori",,"","(F.M. Bailey) Leenh. & Steenis",Accepted,,L,TRO,4700606,,"Acta Bot. Neerl.","2: 305","305","1953"
kew-2412179,A,Burseraceae,,Protium,,"macrocarpum",,"","Cuatrec.",Accepted,,M,WCSP (in review),541238,210573-2,"Webbia","12: 403","","1957"
tro-4700583,A,Burseraceae,,Protium,,"macrophyllum",,"","(Kunth) Engl.",Accepted,,M,TRO,4700583,128356-1,"Fl. Bras.","12(2): 275","275","1874"
kew-2412177,A,Burseraceae,,Protium,,"macrosepalum",,"","Swart",Accepted,,M,WCSP (in review),541236,210574-2,"Recueil Trav. Bot. Néerl.","39: 190","","1942"
tro-4700378,A,Burseraceae,,Protium,,"nitidifolium",,"","(Cuatrec.) D.C. Daly",Accepted,,M,TRO,4700378,283791-2,"Brittonia","41(1): 25","25","1989"
tro-4700442,A,Burseraceae,,Protium,,"nodulosum",,"","Swart",Accepted,,M,TRO,4700442,210595-2,"Recueil Trav. Bot. Néerl.","39: 197","197","1942"
kew-2412203,A,Burseraceae,,Protium,,"opacum",,"","Swart",Accepted,,M,WCSP (in review),541262,210598-2,"Recueil Trav. Bot. Néerl.","39: 200","","1942"
tro-4700421,A,Burseraceae,,Protium,,"pallidum",,"","Cuatrec.",Accepted,,M,TRO,4700421,210601-2,"Bol. Mus. Paraense Hist. Nat.","11: 8","8","1961"
tro-4700236,A,Burseraceae,,Protium,,"panamense",,"","(Rose) I.M. Johnst.",Accepted,,M,TRO,4700236,210603-2,"Contr. Gray Herb.","70: 72","72","1924"
kew-2414585,A,Burseraceae,,Protium,,"paniculatum",,"","Engl.",Accepted,,M,WCSP (in review),543641,128386-1,"Fl. Bras.","12(2): 270","","1874"
tro-4700422,A,Burseraceae,,Protium,,"paniculatum",var.,"paniculatum","",Accepted,,L,TRO,4700422,,"","","",""
kew-2413230,A,Burseraceae,,Protium,,"paniculatum",var.,"riedelianum","(Engl.) Daly",Accepted,,L,WCSP (in review),542288,1082278-2,"Brittonia","44: 297","","1992"
tro-4700219,A,Burseraceae,,Protium,,"peruvianum",,"","Swart",Accepted,,M,TRO,4700219,210611-2,"Recueil Trav. Bot. Néerl.","39: 202","202","1942"
tro-4700614,A,Burseraceae,,Protium,,"pilosum",,"","(Cuatrec.) D.C. Daly",Accepted,,M,TRO,4700614,283793-2,"Brittonia","41(1): 24","24","1989"
tro-4700237,A,Burseraceae,,Protium,,"pittieri",,"","(Rose) Engl.",Accepted,,M,TRO,4700237,210615-2,"Nat. Pflanzenfam. (ed. 2)","19a: 414","414","1931"
tro-4700143,A,Burseraceae,,Protium,,"polybotryum",,"","(Turcz.) Engl.",Accepted,,M,TRO,4700143,128400-1,"Fl. Bras.","12(2): 278","278","1874"
kew-2414309,A,Burseraceae,,Protium,,"ptarianum",,"","Steyerm.",Accepted,,M,WCSP (in review),543365,210620-2,"Fieldiana, Bot.","28: 275","","1952"
tro-4700146,A,Burseraceae,,Protium,,"puncticulatum",,"","J.F. Macbr.",Accepted,,M,TRO,4700146,210625-2,"Candollea","5: 377-378","377","1934"
kew-2414313,A,Burseraceae,,Protium,,"reticulatum",,"","(Engl.) Endl.",Accepted,,M,WCSP (in review),543369,,"Monogr. Phan.","4: 79","","1883"
tro-4700609,A,Burseraceae,,Protium,,"rhynchophyllum",,"","(Rusby) D.C. Daly",Accepted,,M,TRO,4700609,,"","","",""
kew-2414351,A,Burseraceae,,Protium,,"robustum",,"","(Swart) D.M.Porter",Accepted,,M,WCSP (in review),543407,210629-2,"Ann. Missouri Bot. Gard.","56: 476","","1970"
kew-2414348,A,Burseraceae,,Protium,,"sagotianum",,"","Marchand",Accepted,,L,WCSP (in review),543404,128413-1,"Adansonia","8: 69","","1867"
tro-50061271,A,Burseraceae,,Protium,,"serratum",,"","(Wall. ex Colebr.) Engl.",Accepted,,M,TRO,50061271,128418-1,"Monogr. Phan.","4: 88","88","1883"
kew-2414341,A,Burseraceae,,Protium,,"spruceanum",,"","(Benth.) Engl.",Accepted,,M,WCSP (in review),543397,128420-1,"Fl. Bras.","12(2): 276","","1874"
kew-2414352,A,Burseraceae,,Protium,,"subserratum",,"","(Engl.) Engl.",Accepted,,M,WCSP (in review),543408,210636-2,"Monogr. Phan.","4: 88","","1883"
kew-2414336,A,Burseraceae,,Protium,,"tenuifolium",,"","(Engl.) Engl.",Accepted,,M,WCSP (in review),543392,128424-1,"Monogr. Phan.","4: 76","","1883"
tro-50136206,A,Burseraceae,,Protium,,"tenuifolium",subsp.,"herbertii","(Cuatrec.) D.M. Porter",Accepted,,L,TRO,50136206,210638-2,"Ann. Missouri Bot. Gard.","56(3): 475","475","1969"
tro-4700238,A,Burseraceae,,Protium,,"tenuifolium",subsp.,"mcleodii","(I.M. Johnst.) D.M. Porter",Accepted,,L,TRO,4700238,210640-2,"Ann. Missouri Bot. Gard.","56(3): 475","475","1969"
tro-4700239,A,Burseraceae,,Protium,,"tenuifolium",subsp.,"sessiliflorum","(Rose) D.M. Porter",Accepted,,L,TRO,4700239,210641-2,"Ann. Missouri Bot. Gard.","56(3): 475","475","1969"
kew-2414332,A,Burseraceae,,Protium,,"tovarense",,"","Pittier",Accepted,,M,WCSP (in review),543388,128428-1,"Trab. Mus. Comercial Venezuela","5: 282","","1929"
kew-2414331,A,Burseraceae,,Protium,,"trifoliolatum",,"","Engl.",Accepted,,M,WCSP (in review),543387,128429-1,"Fl. Bras.","12(2): 266","","1874"
tro-4700157,A,Burseraceae,,Protium,,"unifoliolatum",,"","Engl.",Accepted,,M,TRO,4700157,128430-1,"Fl. Bras.","12(2): 262","262","1874"
kew-2608395,A,Burseraceae,,Protium,,"urophyllidium",,"","Daly",Accepted,,M,WCSP (in review),732794,60446824-2,"Brittonia","59: 21","","2007"
tro-4700158,A,Burseraceae,,Protium,,"veneralense",,"","Cuatrec.",Accepted,,M,TRO,4700158,210651-2,"Webbia","12: 402","402","1957"
tro-4700577,A,Burseraceae,,Protium,,"vestitum",,"","(Cuatrec.) D.C. Daly",Accepted,,M,TRO,4700577,283794-2,"Brittonia","41: 24","24","1989"
tro-50061272,A,Burseraceae,,Protium,,"yunnanense",,"","(Hu) Kalkman",Accepted,,M,TRO,50061272,128435-1,"Blumea","7(3): 546","546","1954"
kew-2486154,A,Burseraceae,,Santiria,,"trimera",,"","(Oliv.) Aubrév.",Accepted,,M,WCSP (in review),613919,128510-1,"Bois Forêts Trop.","8: 344","","1948"
kew-2432749,A,Burseraceae,,Tetragastris,,"altissima",,"","(Aubl.) Swart",Accepted,,M,WCSP (in review),561513,251624-2,"Recueil Trav. Bot. Néerl.","39: 413","","1942"
kew-2432752,A,Burseraceae,,Tetragastris,,"breviacuminata",,"","Swart",Accepted,,M,WCSP (in review),561516,251627-2,"Recueil Trav. Bot. Néerl.","39: 206","","1942"
kew-2432755,A,Burseraceae,,Tetragastris,,"hostmannii",,"","(Engl.) Kuntze",Accepted,,M,WCSP (in review),561519,251630-2,"Revis. Gen. Pl.","1: 107","","1891"
kew-2432756,A,Burseraceae,,Tetragastris,,"mucronata",,"","(Rusby) Swart",Accepted,,M,WCSP (in review),561520,251631-2,"Recueil Trav. Bot. Néerl.","39: 406","","1942"
tro-50171512,A,Burseraceae,,Tetragastris,,"occhionii",,"","(Rizzini) D.C. Daly",Accepted,,M,TRO,50171512,285938-2,"Brittonia","41: 23","23","1989"
kew-2432736,A,Burseraceae,,Tetragastris,,"panamensis",,"","(Engl.) Kuntze",Accepted,,M,WCSP (in review),561500,251632-2,"Revis. Gen. Pl.","1: 107","","1891"
tro-4700170,A,Burseraceae,,Tetragastris,,"varians",,"","Little",Accepted,,M,TRO,4700170,251641-2,"J. Wash. Acad. Sci.","38: 96, f. 6","96","1948"
tro-50294969,A,Burseraceae,,Tingulonga,,"almacega",,"","(L. Marchand) Kuntze",Accepted,,M,TRO,50294969,254485-2,"Revis. Gen. Pl.","1: 108","108","1891"
tro-50294978,A,Burseraceae,,Tingulonga,,"hostmannii",,"","(Miq.) Kuntze",Accepted,,M,TRO,50294978,254502-2,"Revis. Gen. Pl.","1: 108","108","1891"
tro-4700241,A,Burseraceae,,Trattinnickia,,"aspera",,"","(Standl.) Swart",Accepted,,M,TRO,4700241,256487-2,"Recueil Trav. Bot. Néerl.","39: 426","426","1942"
kew-2432646,A,Burseraceae,,Trattinnickia,,"boliviana",,"","(Swart) Daly",Accepted,,M,WCSP (in review),561410,1019373-2,"Kew Bull.","43: 130","","1999"
kew-2432658,A,Burseraceae,,Trattinnickia,,"burserifolia",,"","Mart.",Accepted,,M,WCSP (in review),561422,128598-1,"Nov. Gen. Sp. Pl. Bras.","3: 93","","1831"
kew-2432639,A,Burseraceae,,Trattinnickia,,"ferruginea",,"","Kuhlm.",Accepted,,M,WCSP (in review),561403,256495-2,"Arq. Inst. Biol. Veg.","3: 45","","1936"
kew-2432641,A,Burseraceae,,Trattinnickia,,"glaziovii",,"","Swart",Accepted,,M,WCSP (in review),561405,256497-2,"Recueil Trav. Bot. Néerl.","39: 208","","1942"
tro-50137149,A,Burseraceae,,Trattinnickia,,"lancifolia",,"","(Cuatrec.) D.C. Daly",Accepted,,M,TRO,50137149,1155567-2,"","","",""
tro-4700174,A,Burseraceae,,Trattinnickia,,"lawrancei",,"","Standl.",Accepted,,M,TRO,4700174,,"Recueil Trav. Bot. Néerl.","39: 208","208","1942"
tro-4700175,A,Burseraceae,,Trattinnickia,,"laxiflora",,"","Swart",Accepted,,M,TRO,4700175,256500-2,"Recueil Trav. Bot. Néerl.","39: 209","209","1942"
tro-4700176,A,Burseraceae,,Trattinnickia,,"panamensis",,"","Standl. & L.O. Williams",Accepted,,M,TRO,4700176,256502-2,"Ceiba","3(2): 115","115","1952"
tro-4700180,A,Burseraceae,,Trattinnickia,,"peruviana",,"","Loes.",Accepted,,M,TRO,4700180,256503-2,"Bot. Jahrb. Syst.","37: 569","569","1906"
kew-2432662,A,Burseraceae,,Trattinnickia,,"rhoifolia",,"","Willd.",Accepted,,M,WCSP (in review),561426,128602-1,"Sp. Pl.","4: 975","","1806"
